biomarker_id,slug,name,category,directionality,distribution_provenance,distribution_identifier,distribution_sample_n,distribution_low_confidence,mortality_association_provenance,mortality_association_identifier,loinc_code,loinc_status,other_identifiers,clinicaltrials_gov_mesh_term,clinicaltrials_gov_mesh_id
88,alpha-klotho,Alpha-Klotho,Aging & Senescence,higher_better,MISMATCHED PROVENANCE (pre-existing DB defect: source_id defaults to an unrelated CRP paper) - not a real citation for this distribution,,3500,N,"Wei K, Zhang Q, Chen C, et al. Higher circulating alpha-klotho levels increase all-cause mortality through mediation effects of liver fibrosis: a second analysis of National Health and Nutrition Examination Survey. The Journals of Gerontology: Series A. 2025;80(7):glaf109.",40392566,,,,,
90,dna-methylation-age,DNA Methylation Age Acceleration (PhenoAge/GrimAge),Aging & Senescence,lower_better,MISMATCHED PROVENANCE (pre-existing DB defect: source_id defaults to an unrelated CRP paper) - not a real citation for this distribution,,3800,N,"Marioni RE, Shah S, McRae AF, et al. DNA methylation age of blood predicts all-cause mortality in later life. Genome Biology. 2015;16(1):25.",25633388,,,,,
89,telomere-length,Leukocyte Telomere Length,Aging & Senescence,higher_better,MISMATCHED PROVENANCE (pre-existing DB defect: source_id defaults to an unrelated CRP paper) - not a real citation for this distribution,,4200,N,"Wang Q, Zhan Y, Pedersen NL, Fang F, Hägg S. Telomere length and all-cause mortality: a meta-analysis. Ageing Research Reviews. 2018;48:11-20.",10.1016/j.arr.2018.09.002,,,,,
91,mt-dna-copy,Mitochondrial DNA Copy Number,Aging & Senescence,u_shaped,MISMATCHED PROVENANCE (pre-existing DB defect: source_id defaults to an unrelated CRP paper) - not a real citation for this distribution,,3500,N,"Ashar FN, Moes A, Moore AZ, et al. Association of mitochondrial DNA levels with frailty and all-cause mortality. Journal of Molecular Medicine (Berlin). 2015;93(2):177-186.",25471480,,,,,
109,appendicular-lean-mass,Appendicular Lean Mass / Sarcopenia Index,Anthropometric,higher_better,MISMATCHED PROVENANCE (pre-existing DB defect: source_id defaults to an unrelated CRP paper) - not a real citation for this distribution,,4200,N,"Brown JC, Harhay MO, Harhay MN. Appendicular Lean Mass and Mortality among Prefrail and Frail Older Adults. J Nutr Health Aging. 2017;21(3):342-345.",28244576,,,,,
132,basal-metabolic-rate,Basal Metabolic Rate,Anthropometric,u_shaped,"Peto MV, et al. MortalityPredictors.org: a manually-curated database of published results from longitudinal studies of mortality risk factors. Aging (Albany NY). 2017;9(9):1965-1983.",28858850,7900,Y,"Peto MV, et al. MortalityPredictors.org: a manually-curated database of published results from longitudinal studies of mortality risk factors. Aging (Albany NY). 2017;9(9):1965-1983.",28858850,,,,Basal Metabolism,D001481
136,body-fat-percentage,Body Fat Percentage,Anthropometric,u_shaped,"Peto MV, et al. MortalityPredictors.org: a manually-curated database of published results from longitudinal studies of mortality risk factors. Aging (Albany NY). 2017;9(9):1965-1983.",28858850,8100,N,"Peto MV, et al. MortalityPredictors.org: a manually-curated database of published results from longitudinal studies of mortality risk factors. Aging (Albany NY). 2017;9(9):1965-1983.",28858850,41982-0,VERIFIED,LOINC:41982-0,Fat Body,D005216
106,bmi,Body Mass Index (BMI),Anthropometric,u_shaped,"National Center for Health Statistics. National Health and Nutrition Examination Survey: 2017-2018 laboratory data. Hyattsville, MD: Centers for Disease Control and Prevention; 2020.",CDC-NHANES-2017-2018,8100,N,"Global BMI Mortality Collaboration (Di Angelantonio E, et al.). Body-mass index and all-cause mortality: individual-participant-data meta-analysis of 239 prospective studies in four continents. Lancet. 2016;388(10046):776-786.",27423262,39156-5,VERIFIED,LOINC:39156-5,Body Mass Index,D015992
207,weight,Body Weight,Anthropometric,u_shaped,"Peto MV, et al. MortalityPredictors.org: a manually-curated database of published results from longitudinal studies of mortality risk factors. Aging (Albany NY). 2017;9(9):1965-1983.",28858850,8100,N,"Peto MV, et al. MortalityPredictors.org: a manually-curated database of published results from longitudinal studies of mortality risk factors. Aging (Albany NY). 2017;9(9):1965-1983.",28858850,29463-7,VERIFIED,LOINC:29463-7,Body Weight,D001835
232,calf-circumference,Calf Circumference,Anthropometric,higher_better,"Calf circumference: cutoff values from the NHANES 1999-2006 (reference population 18-39y, BMI 18.5-24.9).",33742191,17789,Y,"Mason C, Craig CL, Katzmarzyk PT. Influence of central and extremity circumferences on all-cause mortality in men and women. Obesity (Silver Spring). 2008;16(12):2690-2695.",18927548,107112-5,VERIFIED,LOINC:107112-5,,
149,fat-mass,Fat Mass,Anthropometric,u_shaped,"Peto MV, et al. MortalityPredictors.org: a manually-curated database of published results from longitudinal studies of mortality risk factors. Aging (Albany NY). 2017;9(9):1965-1983.",28858850,8100,N,"Peto MV, et al. MortalityPredictors.org: a manually-curated database of published results from longitudinal studies of mortality risk factors. Aging (Albany NY). 2017;9(9):1965-1983.",28858850,73708-0,VERIFIED,LOINC:73708-0,,
148,fat-free-mass,Fat-Free Mass,Anthropometric,lower_better,"Peto MV, et al. MortalityPredictors.org: a manually-curated database of published results from longitudinal studies of mortality risk factors. Aging (Albany NY). 2017;9(9):1965-1983.",28858850,8100,N,"Peto MV, et al. MortalityPredictors.org: a manually-curated database of published results from longitudinal studies of mortality risk factors. Aging (Albany NY). 2017;9(9):1965-1983.",28858850,,,,,
108,gait-speed,Gait Speed,Anthropometric,higher_better,"National Center for Health Statistics. National Health and Nutrition Examination Survey: 2017-2018 laboratory data. Hyattsville, MD: Centers for Disease Control and Prevention; 2020.",CDC-NHANES-2017-2018,4200,N,"Studenski S, Perera S, Patel K, Rosano C, Faulkner K, Inzitari M, et al. Gait speed and survival in older adults. JAMA. 2011;305(1):50-58.",21205966,41957-2,VERIFIED,LOINC:41957-2,Walking Speed,2016791
156,hip-circumference,Hip Circumference,Anthropometric,lower_better,"Peto MV, et al. MortalityPredictors.org: a manually-curated database of published results from longitudinal studies of mortality risk factors. Aging (Albany NY). 2017;9(9):1965-1983.",28858850,8050,N,"Peto MV, et al. MortalityPredictors.org: a manually-curated database of published results from longitudinal studies of mortality risk factors. Aging (Albany NY). 2017;9(9):1965-1983.",28858850,,,,,
129,arm-circumference,Mid-Upper-Arm Circumference,Anthropometric,u_shaped,"Peto MV, et al. MortalityPredictors.org: a manually-curated database of published results from longitudinal studies of mortality risk factors. Aging (Albany NY). 2017;9(9):1965-1983.",28858850,7800,N,"Peto MV, et al. MortalityPredictors.org: a manually-curated database of published results from longitudinal studies of mortality risk factors. Aging (Albany NY). 2017;9(9):1965-1983.",28858850,,,,,
179,predicted-mass,Predicted Mass (UKB Impedance),Anthropometric,u_shaped,"Peto MV, et al. MortalityPredictors.org: a manually-curated database of published results from longitudinal studies of mortality risk factors. Aging (Albany NY). 2017;9(9):1965-1983.",28858850,450000,Y,"Peto MV, et al. MortalityPredictors.org: a manually-curated database of published results from longitudinal studies of mortality risk factors. Aging (Albany NY). 2017;9(9):1965-1983.",28858850,,,,,
144,distance-from-rump-to-crown,Sitting Height (Rump-to-Crown),Anthropometric,lower_better,"Peto MV, et al. MortalityPredictors.org: a manually-curated database of published results from longitudinal studies of mortality risk factors. Aging (Albany NY). 2017;9(9):1965-1983.",28858850,7900,Y,"Peto MV, et al. MortalityPredictors.org: a manually-curated database of published results from longitudinal studies of mortality risk factors. Aging (Albany NY). 2017;9(9):1965-1983.",28858850,,,,,
244,skeletal-muscle-fat-infiltration,Skeletal Muscle Fat Infiltration,Anthropometric,lower_better,"No single population reference study was located for this marker's distribution during this catalog's ingestion; mean/SD are a coarse approximation from general clinical-range literature (see the biomarker's own `notes` field for what was consulted), not a specific cited study.",approximated,1063,Y,"Miljkovic I, Kuipers AL, Cauley JA, Prasad T, Lee CG, Ensrud KE, Cawthon PM, Hoffman AR, Dam TT, Gordon CL, Zmuda JM. Greater Skeletal Muscle Fat Infiltration Is Associated With Higher All-Cause and Cardiovascular Mortality in Older Men. J Gerontol A Biol Sci Med Sci. 2015;70(9):1133-1140.",25838547,,,,,
225,skinfold-thickness,Skinfold Thickness,Anthropometric,lower_better,"No single population reference study was located for this marker's distribution during this catalog's ingestion; mean/SD are a coarse approximation from general clinical-range literature (see the biomarker's own `notes` field for what was consulted), not a specific cited study.",approximated,1985,Y,"Taylor AE, Ebrahim S, Ben-Shlomo Y, Martin RM, Whincup PH, Yarnell JW, Wannamethee SG, Lawlor DA. Comparison of the associations of body mass index and measures of central adiposity and fat mass with coronary heart disease, diabetes, and all-cause mortality: a study using data from 4 UK cohorts. Am J Clin Nutr. 2010;91(3):547-556.",20089729,,,,Skinfold Thickness,D012885
245,standing-height,Standing Height,Anthropometric,u_shaped,"National Center for Health Statistics. Anthropometric Reference Data for Children and Adults: United States, 2015-2018. Vital Health Stat 3. 2021;(46).",https://www.cdc.gov/nchs/data/series/sr_03/sr03_039.pdf,195273,Y,"Ganna A, Ingelsson E. 5 year mortality predictors in 498,103 UK Biobank participants: a prospective population-based study. Lancet. 2015;386(9993):533-540.",26049253,8302-2,VERIFIED,LOINC:8302-2,,
137,body-water-mass,Total Body Water Mass,Anthropometric,u_shaped,"Peto MV, et al. MortalityPredictors.org: a manually-curated database of published results from longitudinal studies of mortality risk factors. Aging (Albany NY). 2017;9(9):1965-1983.",28858850,7900,N,"Peto MV, et al. MortalityPredictors.org: a manually-curated database of published results from longitudinal studies of mortality risk factors. Aging (Albany NY). 2017;9(9):1965-1983.",28858850,101683-1,VERIFIED,LOINC:101683-1,Body Water,D001834
203,visceral-fat-mass,Visceral Fat Mass,Anthropometric,lower_better,"Peto MV, et al. MortalityPredictors.org: a manually-curated database of published results from longitudinal studies of mortality risk factors. Aging (Albany NY). 2017;9(9):1965-1983.",28858850,400000,Y,"Peto MV, et al. MortalityPredictors.org: a manually-curated database of published results from longitudinal studies of mortality risk factors. Aging (Albany NY). 2017;9(9):1965-1983.",28858850,73707-2,VERIFIED,LOINC:73707-2,Intra-Abdominal Fat,D050152
204,waist-circumference,Waist Circumference,Anthropometric,lower_better,"Peto MV, et al. MortalityPredictors.org: a manually-curated database of published results from longitudinal studies of mortality risk factors. Aging (Albany NY). 2017;9(9):1965-1983.",28858850,8050,N,"Peto MV, et al. MortalityPredictors.org: a manually-curated database of published results from longitudinal studies of mortality risk factors. Aging (Albany NY). 2017;9(9):1965-1983.",28858850,8280-0,VERIFIED,LOINC:8280-0,Waist Circumference,D055105
107,waist-height-ratio,Waist-to-Height Ratio (WHtR),Anthropometric,lower_better,"National Center for Health Statistics. National Health and Nutrition Examination Survey: 2017-2018 laboratory data. Hyattsville, MD: Centers for Disease Control and Prevention; 2020.",CDC-NHANES-2017-2018,7800,N,"Abdi Dezfouli R, Mohammadian Khonsari N, Hosseinpour A, Sheidaei A, Baygi F, Djalalinia S, et al. Waist to height ratio as a simple tool for predicting mortality: a systematic review and meta-analysis. Int J Obes (Lond). 2023;47(12):1286-1293.",37770574,,,,Waist-Height Ratio,D065927
205,waist-to-hip-ratio,Waist-to-Hip Ratio,Anthropometric,lower_better,"Peto MV, et al. MortalityPredictors.org: a manually-curated database of published results from longitudinal studies of mortality risk factors. Aging (Albany NY). 2017;9(9):1965-1983.",28858850,450000,N,"Peto MV, et al. MortalityPredictors.org: a manually-curated database of published results from longitudinal studies of mortality risk factors. Aging (Albany NY). 2017;9(9):1965-1983.",28858850,,,,Waist-Hip Ratio,D049629
206,waist-to-thigh-ratio,Waist-to-Thigh Ratio,Anthropometric,lower_better,"Peto MV, et al. MortalityPredictors.org: a manually-curated database of published results from longitudinal studies of mortality risk factors. Aging (Albany NY). 2017;9(9):1965-1983.",28858850,420000,Y,"Peto MV, et al. MortalityPredictors.org: a manually-curated database of published results from longitudinal studies of mortality risk factors. Aging (Albany NY). 2017;9(9):1965-1983.",28858850,,,,,
110,hrv-sdnn,Heart Rate Variability (SDNN),Autonomic,higher_better,MISMATCHED PROVENANCE (pre-existing DB defect: source_id defaults to an unrelated CRP paper) - not a real citation for this distribution,,5200,N,"Tsuji H, Venditti FJ Jr, Manders ES, Evans JC, Larson MG, Feldman CL, Levy D. Reduced heart rate variability and mortality risk in an elderly cohort. The Framingham Heart Study. Circulation. 1994;90(2):878-883.",8044959,,,,,
111,orthostatic-bp-drop,Orthostatic Blood Pressure Drop,Autonomic,lower_better,MISMATCHED PROVENANCE (pre-existing DB defect: source_id defaults to an unrelated CRP paper) - not a real citation for this distribution,,4200,N,"Rose KM, Tyroler HA, Nardo CJ, Arnett DK, Light KC, Rosamond W, Sharrett AR, Szklo M. Orthostatic hypotension predicts mortality in middle-aged adults: the Atherosclerosis Risk in Communities (ARIC) Study. Circulation. 2006;114(7):630-636.",16894039,,,,"Hypotension, Orthostatic",D007024
104,bmd-tscore,Bone Mineral Density T-score (DXA),Bone & Mineral,higher_better,"National Center for Health Statistics. National Health and Nutrition Examination Survey: 2017-2018 laboratory data. Hyattsville, MD: Centers for Disease Control and Prevention; 2020.",CDC-NHANES-2017-2018,4200,N,"Qu X, Huang X, Jin F, Wang H, Hao Y, Tang T, Dai K. Bone mineral density and all-cause, cardiovascular and stroke mortality: a meta-analysis of prospective cohort studies. Int J Cardiol. 2013;166(2):385-393.",10.1016/j.ijcard.2011.10.114,,,,Bone Density,D015519
138,broadband-ultrasound-attenuation,Broadband Ultrasound Attenuation (Heel),Bone & Mineral,u_shaped,"Peto MV, et al. MortalityPredictors.org: a manually-curated database of published results from longitudinal studies of mortality risk factors. Aging (Albany NY). 2017;9(9):1965-1983.",28858850,3400,Y,"Peto MV, et al. MortalityPredictors.org: a manually-curated database of published results from longitudinal studies of mortality risk factors. Aging (Albany NY). 2017;9(9):1965-1983.",28858850,,,,,
234,ctx-bone-resorption,C-Terminal Telopeptide of Type I Collagen (CTX),Bone & Mineral,lower_better,"Li M, Li Y, Deng W, Zhang Z, Deng Z, Hu Y, Xia W, Xu L. Chinese bone turnover marker study: reference ranges for C-terminal telopeptide of type I collagen and procollagen I N-terminal peptide by age and gender. PLoS One. 2014;9(3):e103841.",25117452,880,Y,"Barasch E, Gottdiener JS, Aurigemma G, Kitzman DW, Han J, Kop WJ, Tracy RP. The relationship between serum markers of collagen turnover and cardiovascular outcome in the elderly: the Cardiovascular Health Study. Circ Heart Fail. 2011;4(6):733-739.",21900186,,,,,
219,osteocalcin,Osteocalcin,Bone & Mineral,lower_better,"Hannemann A, Friedrich N, Spielhagen C, Rettig R, Ittermann T, Nauck M, Wallaschofski H. Reference intervals for serum osteocalcin concentrations in adult men and women from the study of health in Pomerania. BMC Endocr Disord. 2013;13:11.",23497286,3542,N,"Yeap BB, Chubb SA, Flicker L, McCaul KA, Ebeling PR, Hankey GJ, Beilby JP, Norman PE. Associations of total osteocalcin with all-cause and cardiovascular mortality in older men. The Health In Men Study. Osteoporos Int. 2012;23(2):599-607.",21359669,2697-1,VERIFIED,LOINC:2697-1,Osteocalcin,D015675
174,osteoprotegerin,Osteoprotegerin (OPG),Bone & Mineral,lower_better,"Peto MV, et al. MortalityPredictors.org: a manually-curated database of published results from longitudinal studies of mortality risk factors. Aging (Albany NY). 2017;9(9):1965-1983.",28858850,5600,Y,"Peto MV, et al. MortalityPredictors.org: a manually-curated database of published results from longitudinal studies of mortality risk factors. Aging (Albany NY). 2017;9(9):1965-1983.",28858850,,,,Osteoprotegerin,D053244
105,pth,Parathyroid Hormone (PTH),Bone & Mineral,u_shaped,MISMATCHED PROVENANCE (pre-existing DB defect: source_id defaults to an unrelated CRP paper) - not a real citation for this distribution,,5200,N,"Yang B, Lu C, Wu Q, Zhang J, Zhao H, Cao Y. Parathyroid hormone, cardiovascular and all-cause mortality: A meta-analysis. Clin Chim Acta. 2016;455:154-160.",26835752,2731-8,VERIFIED,LOINC:2731-8,Parathyroid Hormone,D010281
228,abdominal-aortic-calcification,Abdominal Aortic Calcification (AAC),Cardiac & Hemodynamics,lower_better,"No single population reference study was located for this marker's distribution during this catalog's ingestion; mean/SD are a coarse approximation from general clinical-range literature (see the biomarker's own `notes` field for what was consulted), not a specific cited study.",approximated,2056,Y,"Rodondi N, Taylor BC, Bauer DC, Lui LY, Vogt MT, Fink HA, Browner WS, Cummings SR, Ensrud KE. Association between aortic calcification and total and cardiovascular mortality in older women. J Intern Med. 2007;261(4):383-392.",17305646,,,,,
208,ankle-brachial-index,Ankle-Brachial Index (ABI),Cardiac & Hemodynamics,u_shaped,"Oguanobi NI, Onwubere BJ, Ibegbulam OG, Ike SO, Ejim EC, Agwu O. An evaluation of ankle-brachial blood pressure index in adult Nigerians with sickle cell anaemia (control group without PAD). Cardiovasc J Afr. 2012;23(4):184-187.",22331250,7458,N,"Pande RL, Perlstein TS, Beckman JA, Creager MA. Secondary prevention and mortality in peripheral artery disease: National Health and Nutrition Examination Study, 1999 to 2004. Circulation. 2011;124(1):17-23.",21690489,,,,Ankle Brachial Index,D055109
233,cardiac-calcification,Cardiac (Valvular/Annular) Calcification,Cardiac & Hemodynamics,lower_better,"No single population reference study was located for this marker's distribution during this catalog's ingestion; mean/SD are a coarse approximation from general clinical-range literature (see the biomarker's own `notes` field for what was consulted), not a specific cited study.",approximated,331,Y,"Zhang Y, Safar ME, Iaria P, Lieber A, Peroz J, Protogerou AD, Rajzbaum G, Blacher J. Cardiac and arterial calcifications and all-cause mortality in the elderly: the PROTEGER Study. Atherosclerosis. 2010;209(1):278-283.",20965506,,,,,
209,carotid-intima-media-thickness,Carotid Intima-Media Thickness (CIMT),Cardiac & Hemodynamics,lower_better,Age-Related Trends in the Predictive Value of Carotid Intima-Media Thickness for Cardiovascular Death: A Prospective Population-Based Cohort Study. J Am Heart Assoc. 2023;12(14):e029656.,37345827,5020,N,"Cao JJ, Arnold AM, Manolio TA, Polak JF, Psaty BM, Hirsch CH, Kuller LH, Cushman M. Association of carotid artery intima-media thickness, plaques, and C-reactive protein with future cardiovascular disease and all-cause mortality: the Cardiovascular Health Study. Circulation. 2007;116(1):32-38.",17576871,,,,Carotid Intima-Media Thickness,D059168
39,pulse_wave_velocity,Carotid-Femoral Pulse Wave Velocity (PWV),Cardiac & Hemodynamics,lower_better,"National Center for Health Statistics. National Health and Nutrition Examination Survey: 2017-2018 laboratory data. Hyattsville, MD: Centers for Disease Control and Prevention; 2020.",CDC-NHANES-2017-2018,4800,N,"Vlachopoulos C, et al. J Am Coll Cardiol. 2010;55:1318-1327.",20338492,77196-4,VERIFIED,LOINC:77196-4; NHANES:PWV,Carotid-Femoral Pulse Wave Velocity,2031031
59,copeptin,Copeptin,Cardiac & Hemodynamics,lower_better,MISMATCHED PROVENANCE (pre-existing DB defect: source_id defaults to an unrelated CRP paper) - not a real citation for this distribution,,4800,N,"Enhorning S, et al. Copeptin predicts 10-year all-cause mortality in community patients: a 10-year prospective cohort study. Clinical Chemistry and Laboratory Medicine. 2016;54(10):1681-1690.",27171391,,,,,
210,coronary-artery-calcium-score,Coronary Artery Calcium Score (Agatston),Cardiac & Hemodynamics,lower_better,Multi-Ethnic Study of Atherosclerosis (MESA) CAC Score Reference Values tool — demographic-specific coronary artery calcium score percentile distributions.,https://mesa-nhlbi.org/researchers/tools/cac-score-reference-values,9715,Y,"Valenti V, Hartaigh BO, Heo R, Cho I, Schulman-Marcus J, Gransar H, Truong QA, Shaw LJ, Knapper J, Kelkar AA, Sandesara P, Lin FY, Sciarretta S, Chang HJ, Callister TQ, Min JK. A 15-Year Warranty Period for Asymptomatic Individuals Without Coronary Artery Calcium: A Prospective Follow-Up of 9,715 Individuals. JACC Cardiovasc Imaging. 2015;8(8):900-909.",26189116,,,,,
185,qtc-interval,Corrected QT Interval (QTc),Cardiac & Hemodynamics,lower_better,"Peto MV, et al. MortalityPredictors.org: a manually-curated database of published results from longitudinal studies of mortality risk factors. Aging (Albany NY). 2017;9(9):1965-1983.",28858850,7600,N,"Peto MV, et al. MortalityPredictors.org: a manually-curated database of published results from longitudinal studies of mortality risk factors. Aging (Albany NY). 2017;9(9):1965-1983.",28858850,,,,,
37,diastolic_blood_pressure,Diastolic Blood Pressure (DBP),Cardiac & Hemodynamics,u_shaped,"National Center for Health Statistics. National Health and Nutrition Examination Survey: 2017-2018 laboratory data. Hyattsville, MD: Centers for Disease Control and Prevention; 2020.",CDC-NHANES-2017-2018,8050,N,"Lewington S, et al. Age-specific relevance of usual blood pressure to vascular mortality: a meta-analysis of individual data for one million adults in 61 prospective studies. Lancet. 2002;360(9349):1903-1913.",12493255,8462-4,VERIFIED,LOINC:8462-4; NHANES:BPXDI1,Blood Pressure,D001794
235,extracoronary-calcification-sites,Extracoronary Calcification Site Count,Cardiac & Hemodynamics,lower_better,"No single population reference study was located for this marker's distribution during this catalog's ingestion; mean/SD are a coarse approximation from general clinical-range literature (see the biomarker's own `notes` field for what was consulted), not a specific cited study.",approximated,5903,Y,"Tison GH, Guo M, Blaha MJ, McClelland RL, Allison MA, Szklo M, Wong ND, Blumenthal RS, Budoff MJ, Nasir K. Multisite extracoronary calcification indicates increased risk of coronary heart disease and all-cause mortality: The Multi-Ethnic Study of Atherosclerosis. J Cardiovasc Comput Tomogr. 2015;9(5):406-414.",26043963,,,,,
56,galectin-3,Galectin-3,Cardiac & Hemodynamics,lower_better,MISMATCHED PROVENANCE (pre-existing DB defect: source_id defaults to an unrelated CRP paper) - not a real citation for this distribution,,3800,N,"Imran TF, Shin HJ, Mathenge N, et al. Meta-Analysis of the Usefulness of Plasma Galectin-3 to Predict the Risk of Mortality in Patients With Heart Failure and in the General Population. American Journal of Cardiology. 2017;119(1):57-64.",28247849,,,,Galectin 3,D037502
154,h-fabp,Heart-Type Fatty Acid-Binding Protein (H-FABP),Cardiac & Hemodynamics,lower_better,"Peto MV, et al. MortalityPredictors.org: a manually-curated database of published results from longitudinal studies of mortality risk factors. Aging (Albany NY). 2017;9(9):1965-1983.",28858850,6100,Y,"Peto MV, et al. MortalityPredictors.org: a manually-curated database of published results from longitudinal studies of mortality risk factors. Aging (Albany NY). 2017;9(9):1965-1983.",28858850,,,,Fatty Acid Binding Protein 3,2023231
250,cardiac-troponin-i,High-Sensitivity Cardiac Troponin I (hs-cTnI),Cardiac & Hemodynamics,lower_better,Defining the serum 99th percentile in a normal reference population measured by a high-sensitivity cardiac troponin I assay. Clin Biochem. 2010;43(12):1034-1036.,20510894,1004,Y,"Eggers KM, Venge P, Lindahl B, Lind L. Cardiac troponin I levels measured with a high-sensitive assay increase over time and are strong predictors of mortality in an elderly population. J Am Coll Cardiol. 2013;61(18):1906-1913.",23500239,,,,Troponin I,D019210
35,hs_troponin_t,High-Sensitivity Cardiac Troponin T (hs-cTnT),Cardiac & Hemodynamics,lower_better,"National Center for Health Statistics. National Health and Nutrition Examination Survey: 2017-2018 laboratory data. Hyattsville, MD: Centers for Disease Control and Prevention; 2020.",CDC-NHANES-2017-2018,5400,N,"Willeit P, et al. High-sensitivity cardiac troponin T and risk of cardiovascular disease and mortality in the general population: a meta-analysis. Circulation. 2017;135(7):642-656.",27999039,6598-7,VERIFIED,LOINC:6598-7; NHANES:HSTNT,,
237,interventricular-septum-thickness,Interventricular Septum Thickness,Cardiac & Hemodynamics,lower_better,"Marcomichelakis J, Withers R, Newman GB, O'Brien K, Emanuel R. The relation of age to the thickness of the interventricular septum, the posterior left ventricular wall and their ratio. Int J Cardiol. 1983;4(2):163-172.",6642776,4425,N,"Kardys I, Deckers JW, Stricker BH, Vletter WB, Hofman A, Witteman JC. Echocardiographic parameters and all-cause mortality: the Rotterdam Study. Int J Cardiol. 2009;133(2):198-204.",18313776,,,,,
243,severe-diastolic-dysfunction,Left Ventricular Diastolic Dysfunction Grade,Cardiac & Hemodynamics,lower_better,"No single population reference study was located for this marker's distribution during this catalog's ingestion; mean/SD are a coarse approximation from general clinical-range literature (see the biomarker's own `notes` field for what was consulted), not a specific cited study.",approximated,2952,Y,"Desai CS, Colangelo LA, Liu K, Jacobs DR Jr, Cook NL, Lloyd-Jones DM, Ogunyankin KO. Prevalence, prospective risk markers, and prognosis associated with the presence of left ventricular diastolic dysfunction in young adults: the coronary artery risk development in young adults study. Am J Epidemiol. 2013;177(4):20-29.",23211639,,,,"Ventricular Dysfunction, Left",D018487
239,left-ventricular-ejection-fraction,Left Ventricular Ejection Fraction (LVEF),Cardiac & Hemodynamics,higher_better,"What is a normal left ventricular ejection fraction in healthy adults? A meta-analysis of population-based echocardiographic studies (pooled n=10,427). J Cardiovasc Imaging. 2025.",41572417,10427,N,"McDonagh TA, Cunningham AD, Morrison CE, McMurray JJ, Ford I, Morton JJ, Dargie HJ. Left ventricular dysfunction, natriuretic peptides, and mortality in an urban population. Heart. 2001;86(1):21-26.",11410555,10230-1,VERIFIED,LOINC:10230-1,,
236,global-longitudinal-strain,Left Ventricular Global Longitudinal Strain (GLS),Cardiac & Hemodynamics,lower_better,"Nyberg J, Jakobsen EO, Ostvik A, Holte E, Stolen S, Lovstakken L, Grenne B, Dalen H. Echocardiographic Reference Ranges of Global Longitudinal Strain for All Cardiac Chambers Using Guideline-Directed Dedicated Views. JACC Cardiovasc Imaging. 2023;16(12):1516-1531.",37921718,1329,N,"Stanton T, Leano R, Marwick TH. Prediction of all-cause mortality from global longitudinal speckle strain: comparison with ejection fraction and wall motion scoring. Circ Cardiovasc Imaging. 2009;2(5):356-364.",19808623,,,,Global Longitudinal Strain,2103312
167,mean-arterial-pressure,Mean Arterial Pressure,Cardiac & Hemodynamics,lower_better,"Peto MV, et al. MortalityPredictors.org: a manually-curated database of published results from longitudinal studies of mortality risk factors. Aging (Albany NY). 2017;9(9):1965-1983.",28858850,8050,N,"Peto MV, et al. MortalityPredictors.org: a manually-curated database of published results from longitudinal studies of mortality risk factors. Aging (Albany NY). 2017;9(9):1965-1983.",28858850,8478-0,VERIFIED,LOINC:8478-0,Arterial Pressure,D062186
58,mr-proadm,Mid-Regional Pro-Adrenomedullin (MR-proADM),Cardiac & Hemodynamics,lower_better,MISMATCHED PROVENANCE (pre-existing DB defect: source_id defaults to an unrelated CRP paper) - not a real citation for this distribution,,5200,N,"Gar C, Thorand B, Herder C, et al. Association of circulating MR-proADM with all-cause and cardiovascular mortality in the general population: Results from the KORA F4 cohort study. PLOS One. 2022;17(1):e0262330.",10.1371/journal.pone.0262330,,,,Adrenomedullin,D053607
34,nt_pro_bnp,N-Terminal Pro-B-Type Natriuretic Peptide (NT-proBNP),Cardiac & Hemodynamics,lower_better,"National Center for Health Statistics. National Health and Nutrition Examination Survey: 2017-2018 laboratory data. Hyattsville, MD: Centers for Disease Control and Prevention; 2020.",CDC-NHANES-2017-2018,6200,N,Natriuretic Peptides Studies Collaboration. Natriuretic peptides and risk of cardiovascular disease and all-cause mortality: a prospective meta-analysis of individual participant data. Lancet Diabetes Endocrinol. 2016;4(12):1004-1016.,27777048,33762-6,VERIFIED,LOINC:33762-6; NHANES:NTPROBNP,,
178,pr-interval,PR Interval,Cardiac & Hemodynamics,u_shaped,"Peto MV, et al. MortalityPredictors.org: a manually-curated database of published results from longitudinal studies of mortality risk factors. Aging (Albany NY). 2017;9(9):1965-1983.",28858850,7500,N,"Peto MV, et al. MortalityPredictors.org: a manually-curated database of published results from longitudinal studies of mortality risk factors. Aging (Albany NY). 2017;9(9):1965-1983.",28858850,8625-6,VERIFIED,LOINC:8625-6,,
241,pericardial-fat,Pericardial Fat Volume,Cardiac & Hemodynamics,lower_better,Pericardial fat burden on ECG-gated noncontrast CT in asymptomatic patients who subsequently experience adverse cardiovascular events on 4-year follow-up: a case-control study (event-free control group). J Cardiovasc Comput Tomogr. 2010.,20394896,343,N,"Larsen BA, Laughlin GA, Saad SD, Barrett-Connor E, Allison MA, Wassel CL. Pericardial fat is associated with all-cause mortality but not incident CVD: the Rancho Bernardo Study. Atherosclerosis. 2015;239(2):470-475.",25702617,,,,,
223,pulse-pressure,Pulse Pressure,Cardiac & Hemodynamics,lower_better,"Chou CH, Yin JH, Lin YK, Yang FC, Chu TW, Chuang YC, Lin CW, Peng GS, Sung YF. The optimal pulse pressures for healthy adults with different ages and sexes correlate with cardiovascular health metrics. Front Cardiovasc Med. 2022;9:930443.",36545016,9611,Y,"Weitzman D, Goldbourt U. The significance of various blood pressure indices for long-term stroke, coronary heart disease, and all-cause mortality in men: the Israeli Ischemic Heart Disease study. Stroke. 2006;37(2):358-362.",16373641,107146-3,VERIFIED,LOINC:107146-3,Blood Pressure,D001794
182,qrs-duration,QRS Duration,Cardiac & Hemodynamics,lower_better,"Peto MV, et al. MortalityPredictors.org: a manually-curated database of published results from longitudinal studies of mortality risk factors. Aging (Albany NY). 2017;9(9):1965-1983.",28858850,7600,N,"Peto MV, et al. MortalityPredictors.org: a manually-curated database of published results from longitudinal studies of mortality risk factors. Aging (Albany NY). 2017;9(9):1965-1983.",28858850,8633-0,VERIFIED,LOINC:8633-0,,
183,qrs-t-angle,QRS-T Angle,Cardiac & Hemodynamics,lower_better,"Peto MV, et al. MortalityPredictors.org: a manually-curated database of published results from longitudinal studies of mortality risk factors. Aging (Albany NY). 2017;9(9):1965-1983.",28858850,7200,Y,"Peto MV, et al. MortalityPredictors.org: a manually-curated database of published results from longitudinal studies of mortality risk factors. Aging (Albany NY). 2017;9(9):1965-1983.",28858850,,,,,
184,qt-interval,QT Interval,Cardiac & Hemodynamics,lower_better,"Peto MV, et al. MortalityPredictors.org: a manually-curated database of published results from longitudinal studies of mortality risk factors. Aging (Albany NY). 2017;9(9):1965-1983.",28858850,7600,N,"Peto MV, et al. MortalityPredictors.org: a manually-curated database of published results from longitudinal studies of mortality risk factors. Aging (Albany NY). 2017;9(9):1965-1983.",28858850,8634-8,VERIFIED,LOINC:8634-8,,
38,resting_heart_rate,Resting Heart Rate (RHR),Cardiac & Hemodynamics,lower_better,"National Center for Health Statistics. National Health and Nutrition Examination Survey: 2017-2018 laboratory data. Hyattsville, MD: Centers for Disease Control and Prevention; 2020.",CDC-NHANES-2017-2018,8050,N,"Fox CS, et al. Resting heart rate and risk of cardiovascular disease and all-cause mortality: the Framingham Heart Study. J Am Coll Cardiol. 2008;52(15):1258-1264.; Zhang D, et al. Resting heart rate and all-cause and cardiovascular mortality in the general population: a meta-analysis. CMAJ. 2016;188(3):E53-E63.",18929810; 26598376,8867-4,VERIFIED,LOINC:8867-4; NHANES:BPXPLS,Pulse,D011674
57,sst2,ST2 Soluble (sST2),Cardiac & Hemodynamics,lower_better,MISMATCHED PROVENANCE (pre-existing DB defect: source_id defaults to an unrelated CRP paper) - not a real citation for this distribution,,4500,N,"Chen LQ, de Lemos JA, Das SR, Ayers CR, Rohatgi A. Soluble ST2 is associated with all-cause and cardiovascular mortality in a population-based cohort: the Dallas Heart Study. Clinical Chemistry. 2013;59(3):536-546.",23220272,,,,,
36,systolic_blood_pressure,Systolic Blood Pressure (SBP),Cardiac & Hemodynamics,lower_better,"National Center for Health Statistics. National Health and Nutrition Examination Survey: 2017-2018 laboratory data. Hyattsville, MD: Centers for Disease Control and Prevention; 2020.",CDC-NHANES-2017-2018,8050,N,"Rapsomaniki E, et al. Blood pressure and risk of vascular disease: 1.25 million people from the CALIBER study. Lancet. 2014;383(9932):1899-1911.",24881994,8480-6,VERIFIED,LOINC:8480-6; NHANES:BPXSY1,Blood Pressure,D001794
246,thoracic-aorta-calcification,Thoracic Aorta Calcification (TAC),Cardiac & Hemodynamics,lower_better,"No single population reference study was located for this marker's distribution during this catalog's ingestion; mean/SD are a coarse approximation from general clinical-range literature (see the biomarker's own `notes` field for what was consulted), not a specific cited study.",approximated,8401,Y,"Santos RD, Rumberger JA, Budoff MJ, Shaw LJ, Orakzai SH, Berman D, Raggi P, Blumenthal RS, Nasir K. Thoracic aorta calcification detected by electron beam tomography predicts all-cause mortality. Atherosclerosis. 2010;209(1):131-135.",19782363,,,,,
87,apob-apoa1,Apolipoprotein B to A1 Ratio (ApoB/ApoA1),Cardiometabolic,lower_better,MISMATCHED PROVENANCE (pre-existing DB defect: source_id defaults to an unrelated CRP paper) - not a real citation for this distribution,,5200,N,"Fu C, Gong Y, Gao X, et al. Association between the ApoB/ApoA1 ratio and both the severity and mortality of metabolic dysfunction-associated fatty liver disease. BMC Gastroenterology. 2025;25:650.",41013261,,,,,
131,asymmetric-dimethylarginine,Asymmetric Dimethylarginine (ADMA),Cardiometabolic,lower_better,"Peto MV, et al. MortalityPredictors.org: a manually-curated database of published results from longitudinal studies of mortality risk factors. Aging (Albany NY). 2017;9(9):1965-1983.",28858850,6400,Y,"Peto MV, et al. MortalityPredictors.org: a manually-curated database of published results from longitudinal studies of mortality risk factors. Aging (Albany NY). 2017;9(9):1965-1983.",28858850,80981-4,VERIFIED,LOINC:80981-4,,
157,homoarginine,Homoarginine,Cardiometabolic,higher_better,"Peto MV, et al. MortalityPredictors.org: a manually-curated database of published results from longitudinal studies of mortality risk factors. Aging (Albany NY). 2017;9(9):1965-1983.",28858850,5900,Y,"Peto MV, et al. MortalityPredictors.org: a manually-curated database of published results from longitudinal studies of mortality risk factors. Aging (Albany NY). 2017;9(9):1965-1983.",28858850,,,,Homoarginine,D006709
217,lipid-accumulation-product,Lipid Accumulation Product (LAP),Cardiometabolic,lower_better,"Vieira JN, Braz MAD, Gomes FO, Silva PRD, Santos OTM, Rocha IMGD, Sousa IM, Fayh APT. Cardiovascular risk assessment using the lipid accumulation product index among primary healthcare users: a cross-sectional study. Sao Paulo Med J. 2019;137(4):334-340.",31314872,875,Y,"Wehr E, Pilz S, Boehm BO, Marz W, Obermayer-Pietsch B. The lipid accumulation product is associated with increased mortality in normal weight postmenopausal women. Obesity (Silver Spring). 2011;19(9):1873-1880.",21394091,,,,Lipid Accumulation Product,D064237
86,lp-pla2,Lipoprotein-Associated Phospholipase A2 (Lp-PLA2),Cardiometabolic,lower_better,MISMATCHED PROVENANCE (pre-existing DB defect: source_id defaults to an unrelated CRP paper) - not a real citation for this distribution,,4800,N,"Jenny NS, Solomon C, Cushman M, Tracy RP, Nelson JJ, Psaty BM, Furberg CD. Lipoprotein-associated phospholipase A2 (Lp-PLA2) and risk of cardiovascular disease in older adults: results from the Cardiovascular Health Study. Atherosclerosis. 2010;209(2):528-532.",19804884,,,,1-Alkyl-2-acetylglycerophosphocholine Esterase,D043203
170,metabolic-syndrome,Metabolic Syndrome (Harmonized Definition),Cardiometabolic,higher_better,"Peto MV, et al. MortalityPredictors.org: a manually-curated database of published results from longitudinal studies of mortality risk factors. Aging (Albany NY). 2017;9(9):1965-1983.",28858850,7800,N,"Peto MV, et al. MortalityPredictors.org: a manually-curated database of published results from longitudinal studies of mortality risk factors. Aging (Albany NY). 2017;9(9):1965-1983.",28858850,,,,Metabolic Syndrome,D024821
85,non-hdl-c,Non-HDL Cholesterol,Cardiometabolic,lower_better,MISMATCHED PROVENANCE (pre-existing DB defect: source_id defaults to an unrelated CRP paper) - not a real citation for this distribution,,8100,N,"Huang Y, Yan MQ, Zhou D, Chen CL, Feng YQ. The U-shaped association of non-high-density lipoprotein cholesterol with all-cause and cardiovascular mortality in general adult population. Front Cardiovasc Med. 2023;10:1065750.",36844732,32309-7,VERIFIED,LOINC:32309-7,,
84,tmao,Trimethylamine N-oxide (TMAO),Cardiometabolic,lower_better,MISMATCHED PROVENANCE (pre-existing DB defect: source_id defaults to an unrelated CRP paper) - not a real citation for this distribution,,3800,N,"Qi J, You T, Li J, et al. Circulating trimethylamine N-oxide and risk of cardiovascular disease and all-cause mortality: a systematic review and meta-analysis (updated). Nutrition, Metabolism and Cardiovascular Diseases / related meta-analysis: Schiattarella GG, et al. Gut microbe-generated metabolite trimethylamine-N-oxide as cardiovascular risk biomarker: a systematic review and dose-response meta-analysis. European Heart Journal. 2017;38(39):2948-2956. Also: Gut microbiota-dependent trimethylamine N-oxide and all-cause mortality: findings from an updated systematic review and meta-analysis. Nutrition. 2021;79-80:110902.",32592979,90360-9,VERIFIED,LOINC:90360-9,,
127,angiopoietin-2,Angiopoietin-2,Coagulation,lower_better,"Peto MV, et al. MortalityPredictors.org: a manually-curated database of published results from longitudinal studies of mortality risk factors. Aging (Albany NY). 2017;9(9):1965-1983.",28858850,5200,Y,"Peto MV, et al. MortalityPredictors.org: a manually-curated database of published results from longitudinal studies of mortality risk factors. Aging (Albany NY). 2017;9(9):1965-1983.",28858850,,,,Angiopoietin-2,D042702
147,factor-viii,Coagulation Factor VIII,Coagulation,lower_better,"Peto MV, et al. MortalityPredictors.org: a manually-curated database of published results from longitudinal studies of mortality risk factors. Aging (Albany NY). 2017;9(9):1965-1983.",28858850,12400,Y,"Peto MV, et al. MortalityPredictors.org: a manually-curated database of published results from longitudinal studies of mortality risk factors. Aging (Albany NY). 2017;9(9):1965-1983.",28858850,,,,Factor VIII,D005169
146,factor-viic,Coagulation Factor VIIc,Coagulation,lower_better,"Peto MV, et al. MortalityPredictors.org: a manually-curated database of published results from longitudinal studies of mortality risk factors. Aging (Albany NY). 2017;9(9):1965-1983.",28858850,8100,Y,"Peto MV, et al. MortalityPredictors.org: a manually-curated database of published results from longitudinal studies of mortality risk factors. Aging (Albany NY). 2017;9(9):1965-1983.",28858850,,,,Factor VII,D005167
81,d-dimer,D-dimer,Coagulation,lower_better,"National Center for Health Statistics. National Health and Nutrition Examination Survey: 2017-2018 laboratory data. Hyattsville, MD: Centers for Disease Control and Prevention; 2020.",CDC-NHANES-2017-2018,2800,N,"Di Castelnuovo A, de Curtis A, Costanzo S, et al. Association of D-dimer levels with all-cause mortality in a healthy adult population: findings from the MOLI-SANI study. Haematologica. 2013;98(9):1476-1480.",23645692,111766-2,VERIFIED,LOINC:111766-2,Fibrin Fibrinogen Degradation Products,D005338
176,plasma-viscosity,Plasma Viscosity,Coagulation,lower_better,"Peto MV, et al. MortalityPredictors.org: a manually-curated database of published results from longitudinal studies of mortality risk factors. Aging (Albany NY). 2017;9(9):1965-1983.",28858850,8900,Y,"Peto MV, et al. MortalityPredictors.org: a manually-curated database of published results from longitudinal studies of mortality risk factors. Aging (Albany NY). 2017;9(9):1965-1983.",28858850,,,,,
82,pai-1,Plasminogen Activator Inhibitor-1 (PAI-1),Coagulation,lower_better,MISMATCHED PROVENANCE (pre-existing DB defect: source_id defaults to an unrelated CRP paper) - not a real citation for this distribution,,4200,N,"UNSOURCED - NO PUBLISHED SOURCE. No dose-response estimate has been curated for this marker, so the HR curve carries no study attribution. The displayed hazard shape is illustrative, not evidence-based.",,,,,Plasminogen Activator Inhibitor 1,D017395
196,soluble-icam-1,Soluble ICAM-1 (sICAM-1),Coagulation,lower_better,"Peto MV, et al. MortalityPredictors.org: a manually-curated database of published results from longitudinal studies of mortality risk factors. Aging (Albany NY). 2017;9(9):1965-1983.",28858850,9600,Y,"Peto MV, et al. MortalityPredictors.org: a manually-curated database of published results from longitudinal studies of mortality risk factors. Aging (Albany NY). 2017;9(9):1965-1983.",28858850,98120-9,VERIFIED,LOINC:98120-9,Intercellular Adhesion Molecule-1,D018799
83,vwf,von Willebrand Factor (vWF),Coagulation,lower_better,MISMATCHED PROVENANCE (pre-existing DB defect: source_id defaults to an unrelated CRP paper) - not a real citation for this distribution,,5200,N,"Sonneveld MAH, de Maat MPM, Portegies MLP, et al. Von Willebrand factor, ADAMTS13, and the risk of mortality: the Rotterdam Study. Arteriosclerosis, Thrombosis, and Vascular Biology. 2016;36(12):2446-2451.",27737864,,,,von Willebrand Factor,D014841
230,anion-gap-albumin-adjusted,Albumin-Adjusted Anion Gap,Electrolytes & Minerals,lower_better,"No single population reference study was located for this marker's distribution during this catalog's ingestion; mean/SD are a coarse approximation from general clinical-range literature (see the biomarker's own `notes` field for what was consulted), not a specific cited study.",approximated,862,Y,"Ahn SY, Ryu J, Baek SH, Han JW, Lee JH, Ahn S, Kim KI, Chin HJ, Na KY, Chae DW, Kim KW, Kim S. Serum anion gap is predictive of mortality in an elderly population. Exp Gerontol. 2014;50:122-127.",24333141,,,,,
192,serum-lead,Blood Lead,Electrolytes & Minerals,lower_better,"Peto MV, et al. MortalityPredictors.org: a manually-curated database of published results from longitudinal studies of mortality risk factors. Aging (Albany NY). 2017;9(9):1965-1983.",28858850,7700,N,"Peto MV, et al. MortalityPredictors.org: a manually-curated database of published results from longitudinal studies of mortality risk factors. Aging (Albany NY). 2017;9(9):1965-1983.",28858850,14807-2,VERIFIED,LOINC:14807-2; NHANES:LBXBPB,Lead,D007854
231,bicarbonate,Serum Bicarbonate,Electrolytes & Minerals,higher_better,"Goldenstein L, Driver TH, Fried LF, Rifkin DE, Patel KV, Yenchek RH, Harris TB, Kritchevsky SB, Newman AB, Sarnak MJ, Shlipak MG, Ix JH; Health ABC Study Investigators. Serum bicarbonate concentrations and kidney disease progression in community-living elders: the Health, Aging, and Body Composition (Health ABC) Study. Am J Kidney Dis. 2014;64(4):542-549.",24953890,31590,N,"Park M, Jung SJ, Yoon S, Yun JM, Yoon HJ. Association between the markers of metabolic acid load and higher all-cause and cardiovascular mortality in a general population with preserved renal function. Hypertens Res. 2015;38(6):433-438.",25762414,,,,,
32,serum_calcium,Serum Calcium,Electrolytes & Minerals,u_shaped,"National Center for Health Statistics. National Health and Nutrition Examination Survey: 2017-2018 laboratory data. Hyattsville, MD: Centers for Disease Control and Prevention; 2020.",CDC-NHANES-2017-2018,8150,N,"Foley RN, et al. Serum calcium and phosphorus levels and mortality in the US general population: NHANES III. Kidney Int. 2009;76(7):767-772.",19606079,2000-8,VERIFIED,LOINC:2000-8; NHANES:LBXSCA,Calcium,D002118
251,serum-chloride,Serum Chloride,Electrolytes & Minerals,u_shaped,"Hou X, Xu W, Zhang C, Song Z, Zhu M, Guo Q, Wang J. L-Shaped Association of Serum Chloride Level With All-Cause and Cause-Specific Mortality in American Adults: Population-Based Prospective Cohort Study. JMIR Public Health Surveill. 2023;9:e49291.",37955964,51060,N,"Hou X, Xu W, Zhang C, Song Z, Zhu M, Guo Q, Wang J. L-Shaped Association of Serum Chloride Level With All-Cause and Cause-Specific Mortality in American Adults: Population-Based Prospective Cohort Study. JMIR Public Health Surveill. 2023;9:e49291.",37955964,,,,,
193,serum-magnesium,Serum Magnesium,Electrolytes & Minerals,u_shaped,"Peto MV, et al. MortalityPredictors.org: a manually-curated database of published results from longitudinal studies of mortality risk factors. Aging (Albany NY). 2017;9(9):1965-1983.",28858850,7800,N,"Peto MV, et al. MortalityPredictors.org: a manually-curated database of published results from longitudinal studies of mortality risk factors. Aging (Albany NY). 2017;9(9):1965-1983.",28858850,2601-3,VERIFIED,LOINC:2601-3; NHANES:LBXBMG,Magnesium,D008274
33,serum_phosphate,Serum Phosphate,Electrolytes & Minerals,lower_better,"National Center for Health Statistics. National Health and Nutrition Examination Survey: 2017-2018 laboratory data. Hyattsville, MD: Centers for Disease Control and Prevention; 2020.",CDC-NHANES-2017-2018,8150,N,"Tonelli M, et al. Relation between serum phosphate levels and cardiovascular events in people with and without chronic kidney disease. Circulation. 2005;112(17):2627-2633.",16246962,2777-1,VERIFIED,LOINC:2777-1; NHANES:LBXSPH,Phosphates,D010710
31,serum_potassium,Serum Potassium,Electrolytes & Minerals,u_shaped,"National Center for Health Statistics. National Health and Nutrition Examination Survey: 2017-2018 laboratory data. Hyattsville, MD: Centers for Disease Control and Prevention; 2020.",CDC-NHANES-2017-2018,8150,N,"Krogager C, et al. Potassium and mortality in general and clinical populations: a systematic review. Am J Cardiovasc Drugs. 2017;17(4):287-299.",28271441,2823-3,VERIFIED,LOINC:2823-3; NHANES:LBXSKSI,"Potassium, Dietary",D017419
71,selenium,Serum Selenium,Electrolytes & Minerals,u_shaped,"National Center for Health Statistics. National Health and Nutrition Examination Survey: 2017-2018 laboratory data. Hyattsville, MD: Centers for Disease Control and Prevention; 2020.",CDC-NHANES-2017-2018,7800,N,"Cui Z, Xie R, Lu X, Schomburg L, Brenner H, Schottker B. Associations of selenium status with all-cause and cause-specific mortality: a systematic review and meta-analysis of cohort studies. Redox Biology. 2025.",10.1016/j.redox.2025.103755,5724-0,VERIFIED,LOINC:5724-0; NHANES:LBXSELE,Selenium,D012643
30,serum_sodium,Serum Sodium,Electrolytes & Minerals,u_shaped,"National Center for Health Statistics. National Health and Nutrition Examination Survey: 2017-2018 laboratory data. Hyattsville, MD: Centers for Disease Control and Prevention; 2020.",CDC-NHANES-2017-2018,8150,N,"Waikar SS, et al. Serum sodium and risk of death in the US population: NHANES III analysis. Am J Med. 2011;124(8):777-784.",21787905,2951-2,VERIFIED,LOINC:2951-2; NHANES:LBXSNASI,Sodium,D012964
72,zinc,Serum Zinc,Electrolytes & Minerals,u_shaped,"National Center for Health Statistics. National Health and Nutrition Examination Survey: 2017-2018 laboratory data. Hyattsville, MD: Centers for Disease Control and Prevention; 2020.",CDC-NHANES-2017-2018,7800,N,Tehran Lipid and Glucose Study investigators. Sex-Specific Prospective Association of Serum Zinc Concentration with Cardiovascular Disease and Mortality: A 10-Year Population-Based Cohort Study. PubMed. 2026.,42262457,5763-8,VERIFIED,LOINC:5763-8; NHANES:LBXZINC,Zinc,D015032
145,estradiol,Estradiol (17beta-Estradiol),Endocrine,u_shaped,"Peto MV, et al. MortalityPredictors.org: a manually-curated database of published results from longitudinal studies of mortality risk factors. Aging (Albany NY). 2017;9(9):1965-1983.",28858850,3600,Y,"Peto MV, et al. MortalityPredictors.org: a manually-curated database of published results from longitudinal studies of mortality risk factors. Aging (Albany NY). 2017;9(9):1965-1983.",28858850,2243-4,VERIFIED,LOINC:2243-4,Estradiol,D004958
151,follicle-stimulating-hormone,Follicle-Stimulating Hormone (FSH),Endocrine,u_shaped,"Peto MV, et al. MortalityPredictors.org: a manually-curated database of published results from longitudinal studies of mortality risk factors. Aging (Albany NY). 2017;9(9):1965-1983.",28858850,4200,Y,"Peto MV, et al. MortalityPredictors.org: a manually-curated database of published results from longitudinal studies of mortality risk factors. Aging (Albany NY). 2017;9(9):1965-1983.",28858850,15067-2,VERIFIED,LOINC:15067-2,Follicle Stimulating Hormone,D005640
153,growth-hormone,Growth Hormone (GH),Endocrine,u_shaped,"Peto MV, et al. MortalityPredictors.org: a manually-curated database of published results from longitudinal studies of mortality risk factors. Aging (Albany NY). 2017;9(9):1965-1983.",28858850,3800,Y,"Peto MV, et al. MortalityPredictors.org: a manually-curated database of published results from longitudinal studies of mortality risk factors. Aging (Albany NY). 2017;9(9):1965-1983.",28858850,2963-7,VERIFIED,LOINC:2963-7,Growth Hormone,D013006
180,prolactin,Prolactin,Endocrine,lower_better,"Peto MV, et al. MortalityPredictors.org: a manually-curated database of published results from longitudinal studies of mortality risk factors. Aging (Albany NY). 2017;9(9):1965-1983.",28858850,4400,Y,"Peto MV, et al. MortalityPredictors.org: a manually-curated database of published results from longitudinal studies of mortality risk factors. Aging (Albany NY). 2017;9(9):1965-1983.",28858850,2842-3,VERIFIED,LOINC:2842-3,Prolactin,D011388
162,leptin,Serum Leptin,Endocrine,lower_better,"Peto MV, et al. MortalityPredictors.org: a manually-curated database of published results from longitudinal studies of mortality risk factors. Aging (Albany NY). 2017;9(9):1965-1983.",28858850,9200,Y,"Peto MV, et al. MortalityPredictors.org: a manually-curated database of published results from longitudinal studies of mortality risk factors. Aging (Albany NY). 2017;9(9):1965-1983.",28858850,21365-2,VERIFIED,LOINC:21365-2,Leptin,D020738
200,thyroxine,Thyroxine (Total T4),Endocrine,u_shaped,"Peto MV, et al. MortalityPredictors.org: a manually-curated database of published results from longitudinal studies of mortality risk factors. Aging (Albany NY). 2017;9(9):1965-1983.",28858850,5400,N,"Peto MV, et al. MortalityPredictors.org: a manually-curated database of published results from longitudinal studies of mortality risk factors. Aging (Albany NY). 2017;9(9):1965-1983.",28858850,3026-2,VERIFIED,LOINC:3026-2; NHANES:LBXT4,Thyroxine,D013974
41,vo2_max,Cardiorespiratory Fitness (VO2 Max),Functional Fitness,higher_better,"National Center for Health Statistics. National Health and Nutrition Examination Survey: 2017-2018 laboratory data. Hyattsville, MD: Centers for Disease Control and Prevention; 2020.",CDC-NHANES-2017-2018,4500,N,"Mandsager K, et al. Association of cardiorespiratory fitness with long-term mortality among adults undergoing exercise treadmill testing. JAMA Netw Open. 2018;1(6):e183605.",30646266,103749-8,VERIFIED,LOINC:103749-8; NHANES:VO2MAX,Cardiorespiratory Fitness,2016739
141,chronotropic-index,Chronotropic Index,Functional Fitness,u_shaped,"Peto MV, et al. MortalityPredictors.org: a manually-curated database of published results from longitudinal studies of mortality risk factors. Aging (Albany NY). 2017;9(9):1965-1983.",28858850,3800,Y,"Peto MV, et al. MortalityPredictors.org: a manually-curated database of published results from longitudinal studies of mortality risk factors. Aging (Albany NY). 2017;9(9):1965-1983.",28858850,,,,,
197,steps-per-day,Daily Step Count,Functional Fitness,higher_better,"Peto MV, et al. MortalityPredictors.org: a manually-curated database of published results from longitudinal studies of mortality risk factors. Aging (Albany NY). 2017;9(9):1965-1983.",28858850,4200,Y,"Peto MV, et al. MortalityPredictors.org: a manually-curated database of published results from longitudinal studies of mortality risk factors. Aging (Albany NY). 2017;9(9):1965-1983.",28858850,,,,,
212,exercise-capacity-mets,Exercise Capacity (METs),Functional Fitness,higher_better,"Lander BS, Layton AM, Garofano RP, Schwartz A, Engel DJ, Bello NA. Average Exercise Capacity in Men and Women >75 Years of Age Undergoing a Bruce Protocol Exercise Stress Test. Am J Cardiol. 2022;164:117-119.",34844736,2994,Y,"Mora S, Redberg RF, Cui Y, Whiteman MK, Flaws JA, Sharrett AR, Blumenthal RS. Ability of exercise testing to predict cardiovascular and all-cause death in asymptomatic women: a 20-year follow-up of the lipid research clinics prevalence study. JAMA. 2003;290(12):1600-1607.",14506119,,,,,
150,fev1-fev6-ratio,FEV1/FEV6 Ratio,Functional Fitness,higher_better,"Peto MV, et al. MortalityPredictors.org: a manually-curated database of published results from longitudinal studies of mortality risk factors. Aging (Albany NY). 2017;9(9):1965-1983.",28858850,6200,Y,"Peto MV, et al. MortalityPredictors.org: a manually-curated database of published results from longitudinal studies of mortality risk factors. Aging (Albany NY). 2017;9(9):1965-1983.",28858850,,,,,
152,forced-expiratory-volume-1,Forced Expiratory Volume in 1 Second (FEV1),Functional Fitness,higher_better,"Peto MV, et al. MortalityPredictors.org: a manually-curated database of published results from longitudinal studies of mortality risk factors. Aging (Albany NY). 2017;9(9):1965-1983.",28858850,6400,N,"Peto MV, et al. MortalityPredictors.org: a manually-curated database of published results from longitudinal studies of mortality risk factors. Aging (Albany NY). 2017;9(9):1965-1983.",28858850,,,,Forced Expiratory Volume,D005541
213,forced-vital-capacity,Forced Vital Capacity (FVC),Functional Fitness,higher_better,"Hankinson JL, Odencrantz JR, Fedan KB. Spirometric reference values from a sample of the general U.S. population. Am J Respir Crit Care Med. 1999;159(1):179-187.",9872837,569,Y,"Lee HM, Le H, Lee BT, Lopez VA, Wong ND. Forced vital capacity paired with Framingham Risk Score for prediction of all-cause mortality. Eur Respir J. 2010;36(5):1002-1006.",20562119,19870-5,VERIFIED,LOINC:19870-5,Vital Capacity,D014797
155,heart-rate-recovery,Heart Rate Recovery (1 min),Functional Fitness,higher_better,"Peto MV, et al. MortalityPredictors.org: a manually-curated database of published results from longitudinal studies of mortality risk factors. Aging (Albany NY). 2017;9(9):1965-1983.",28858850,4200,Y,"Peto MV, et al. MortalityPredictors.org: a manually-curated database of published results from longitudinal studies of mortality risk factors. Aging (Albany NY). 2017;9(9):1965-1983.",28858850,,,,,
40,grip_strength,Maximal Grip Strength,Functional Fitness,higher_better,"National Center for Health Statistics. National Health and Nutrition Examination Survey: 2017-2018 laboratory data. Hyattsville, MD: Centers for Disease Control and Prevention; 2020.",CDC-NHANES-2017-2018,6800,N,"Leong DP, et al. Prognostic value of grip strength: findings from the Prospective Urban Rural Epidemiology (PURE) study. Lancet. 2015;386(9990):266-273.",25982160,83173-5,VERIFIED,LOINC:83173-5; NHANES:MGDCGSZ,Hand Strength,D018737
220,peak-expiratory-flow,Peak Expiratory Flow (PEF),Functional Fitness,higher_better,Population reference values for peak expiratory flow in older US adults. Innov Aging. 2023;7(Suppl 1):866.,PMC10735780,2290,Y,"Goldman N, Glei DA, Rosero-Bixby L, Chiou ST, Weinstein M. Performance-based measures of physical function as mortality predictors: Incremental value beyond self-reports. Demogr Res. 2014;30:1319-1343.",25866473,,,,,
194,side-step-test,Side-Step Test Score,Functional Fitness,higher_better,"Peto MV, et al. MortalityPredictors.org: a manually-curated database of published results from longitudinal studies of mortality risk factors. Aging (Albany NY). 2017;9(9):1965-1983.",28858850,3400,Y,"Peto MV, et al. MortalityPredictors.org: a manually-curated database of published results from longitudinal studies of mortality risk factors. Aging (Albany NY). 2017;9(9):1965-1983.",28858850,,,,,
195,sit-ups,Sit-Up Count (Timed),Functional Fitness,higher_better,"Peto MV, et al. MortalityPredictors.org: a manually-curated database of published results from longitudinal studies of mortality risk factors. Aging (Albany NY). 2017;9(9):1965-1983.",28858850,3600,Y,"Peto MV, et al. MortalityPredictors.org: a manually-curated database of published results from longitudinal studies of mortality risk factors. Aging (Albany NY). 2017;9(9):1965-1983.",28858850,,,,,
248,vertical-jump,Vertical Jump Height,Functional Fitness,higher_better,"No single population reference study was located for this marker's distribution during this catalog's ingestion; mean/SD are a coarse approximation from general clinical-range literature (see the biomarker's own `notes` field for what was consulted), not a specific cited study.",approximated,3117,Y,"Fujita Y, Nakamura Y, Hiraoka J, Kobayashi K, Sakata K, Nagai M, Yanagawa H. Physical-strength tests and mortality among visitors to health-promotion centers in Japan. J Clin Epidemiol. 1995;48(11):1349-1359.",7490598,,,,,
20,fasting_glucose,Fasting Plasma Glucose,Glycemic & Metabolic,u_shaped,"National Center for Health Statistics. National Health and Nutrition Examination Survey: 2017-2018 laboratory data. Hyattsville, MD: Centers for Disease Control and Prevention; 2020.",CDC-NHANES-2017-2018,3790,N,"Emerging Risk Factors Collaboration. Diabetes mellitus, fasting blood glucose concentration, and risk of vascular disease: a collaborative meta-analysis of 102 prospective studies. Lancet. 2010;375(9733):2215-2222.",20609967,2345-7,VERIFIED,LOINC:2345-7; NHANES:LBXGLU,Glucose,D005947
22,fasting_insulin,Fasting Serum Insulin,Glycemic & Metabolic,lower_better,"National Center for Health Statistics. National Health and Nutrition Examination Survey: 2017-2018 laboratory data. Hyattsville, MD: Centers for Disease Control and Prevention; 2020.",CDC-NHANES-2017-2018,3700,N,"Ausmanas M, et al. Fasting insulin and long-term mortality: a 20-year prospective cohort study. Diabetologia. 2012;55(9):2340-2348.",22688349,3695-4,VERIFIED,LOINC:3695-4; NHANES:LBXIN,Insulin,D007328
21,hba1c,Glycated Hemoglobin (HbA1c),Glycemic & Metabolic,u_shaped,"National Center for Health Statistics. National Health and Nutrition Examination Survey: 2017-2018 laboratory data. Hyattsville, MD: Centers for Disease Control and Prevention; 2020.",CDC-NHANES-2017-2018,8200,N,"Currie CJ, et al. Survival as a function of HbA1c in people with type 2 diabetes: a retrospective cohort study. Lancet. 2010;375(9713):481-489.",20110121,4548-4,VERIFIED,CPT:83036; HCPCS:83036; LOINC:4548-4; NHANES:LBXGH,Glycated Hemoglobin,D006442
23,homa_ir,Homeostatic Model Assessment of Insulin Resistance (HOMA-IR),Glycemic & Metabolic,lower_better,"National Center for Health Statistics. National Health and Nutrition Examination Survey: 2017-2018 laboratory data. Hyattsville, MD: Centers for Disease Control and Prevention; 2020.",CDC-NHANES-2017-2018,3700,N,"Hedblad B, et al. Insulin resistance in relation to incidence of cardiovascular disease and all-cause mortality: the Malmo Diet and Cancer Study. Diabetologia. 2002;45(5):638-644.",12107743,92845-7,VERIFIED,LOINC:92845-7; NHANES:HOMAIR,,
222,proinsulin,Proinsulin,Glycemic & Metabolic,lower_better,"Ateia S, Rusu E, Cristescu V, Enache G, Cheta DM, Radulian G. Proinsulin and age in general population. J Med Life. 2013;6(4):383-386.",24868254,851,Y,"Chisalita SI, Dahlstrom U, Arnqvist HJ, Alehagen U. Proinsulin and IGFBP-1 predicts mortality in an elderly population. Int J Cardiol. 2014;176(3):847-853.",24794551,2840-7,VERIFIED,LOINC:2840-7,Proinsulin,D011384
165,lymphocyte-count,Absolute Lymphocyte Count,Hematology,u_shaped,"Peto MV, et al. MortalityPredictors.org: a manually-curated database of published results from longitudinal studies of mortality risk factors. Aging (Albany NY). 2017;9(9):1965-1983.",28858850,8100,N,"Peto MV, et al. MortalityPredictors.org: a manually-curated database of published results from longitudinal studies of mortality risk factors. Aging (Albany NY). 2017;9(9):1965-1983.",28858850,26474-7,VERIFIED,LOINC:26474-7; NHANES:LBDLYMNO,Lymphocyte Count,D018655
172,neutrophil-count,Absolute Neutrophil Count,Hematology,lower_better,"Peto MV, et al. MortalityPredictors.org: a manually-curated database of published results from longitudinal studies of mortality risk factors. Aging (Albany NY). 2017;9(9):1965-1983.",28858850,8100,N,"Peto MV, et al. MortalityPredictors.org: a manually-curated database of published results from longitudinal studies of mortality risk factors. Aging (Albany NY). 2017;9(9):1965-1983.",28858850,26499-4,VERIFIED,LOINC:26499-4; NHANES:LBDNENO,,
133,basophil-count,Basophil Count,Hematology,lower_better,"Peto MV, et al. MortalityPredictors.org: a manually-curated database of published results from longitudinal studies of mortality risk factors. Aging (Albany NY). 2017;9(9):1965-1983.",28858850,8100,N,"Peto MV, et al. MortalityPredictors.org: a manually-curated database of published results from longitudinal studies of mortality risk factors. Aging (Albany NY). 2017;9(9):1965-1983.",28858850,26444-0,VERIFIED,LOINC:26444-0; NHANES:LBDBANO,Basophils,D001491
67,eosinophil-count,Eosinophil Count,Hematology,higher_better,"National Center for Health Statistics. National Health and Nutrition Examination Survey: 2017-2018 laboratory data. Hyattsville, MD: Centers for Disease Control and Prevention; 2020.",CDC-NHANES-2017-2018,8100,N,Clalit Health Services study group. Severe eosinophilia and risk of major disease and mortality: A nationwide cohort study of children and adults. PubMed. 2025.,41809114,26449-9,VERIFIED,LOINC:26449-9; NHANES:LBXEOS,Eosinophils,D004804
99,hematocrit,Hematocrit,Hematology,u_shaped,"National Center for Health Statistics. National Health and Nutrition Examination Survey: 2017-2018 laboratory data. Hyattsville, MD: Centers for Disease Control and Prevention; 2020.",CDC-NHANES-2017-2018,8100,N,UNSOURCED - Recalculated from mortality_association (HR=1.25 default_assumed); per-SD log(HR)=0.1741.,,4544-3,VERIFIED,LOINC:4544-3,Hematocrit,D006400
42,hemoglobin,Hemoglobin Concentration,Hematology,u_shaped,"National Center for Health Statistics. National Health and Nutrition Examination Survey: 2017-2018 laboratory data. Hyattsville, MD: Centers for Disease Control and Prevention; 2020.",CDC-NHANES-2017-2018,8200,N,"Zakai NA, et al. A prospective study of anemia and all-cause mortality in community-dwelling older adults: the Cardiovascular Health Study. Arch Intern Med. 2005;165(19):2214-2220.",16246985,718-7,VERIFIED,LOINC:718-7; NHANES:LBXHGB,,
158,immature-reticulocyte-fraction,Immature Reticulocyte Fraction,Hematology,lower_better,"Peto MV, et al. MortalityPredictors.org: a manually-curated database of published results from longitudinal studies of mortality risk factors. Aging (Albany NY). 2017;9(9):1965-1983.",28858850,7800,Y,"Peto MV, et al. MortalityPredictors.org: a manually-curated database of published results from longitudinal studies of mortality risk factors. Aging (Albany NY). 2017;9(9):1965-1983.",28858850,,,,,
166,lymphocyte-percentage,Lymphocyte Percentage,Hematology,higher_better,"Peto MV, et al. MortalityPredictors.org: a manually-curated database of published results from longitudinal studies of mortality risk factors. Aging (Albany NY). 2017;9(9):1965-1983.",28858850,8100,N,"Peto MV, et al. MortalityPredictors.org: a manually-curated database of published results from longitudinal studies of mortality risk factors. Aging (Albany NY). 2017;9(9):1965-1983.",28858850,736-9,VERIFIED,LOINC:736-9; NHANES:LBDLYMPR,,
97,mcv,Mean Corpuscular Volume (MCV),Hematology,u_shaped,"National Center for Health Statistics. National Health and Nutrition Examination Survey: 2017-2018 laboratory data. Hyattsville, MD: Centers for Disease Control and Prevention; 2020.",CDC-NHANES-2017-2018,8100,N,"Zhang J, et al. Nonlinear relationship of red blood cell indices (MCH, MCHC, and MCV) with all-cause and cardiovascular mortality: A cohort study in U.S. adults. PLOS ONE. 2024;19(8):e0307609.",39093828,787-2,VERIFIED,LOINC:787-2,Erythrocyte Indices,D004909
66,mpv,Mean Platelet Volume (MPV),Hematology,u_shaped,Population-based platelet reference values for an Iranian population,17474897,19993,N,Population-based platelet reference values for an Iranian population,17474897,32623-1,VERIFIED,LOINC:32623-1,Mean Platelet Volume,D063847
168,mean-reticulocyte-volume,Mean Reticulocyte Volume,Hematology,u_shaped,"Peto MV, et al. MortalityPredictors.org: a manually-curated database of published results from longitudinal studies of mortality risk factors. Aging (Albany NY). 2017;9(9):1965-1983.",28858850,7800,Y,"Peto MV, et al. MortalityPredictors.org: a manually-curated database of published results from longitudinal studies of mortality risk factors. Aging (Albany NY). 2017;9(9):1965-1983.",28858850,,,,,
169,mean-sphered-cell-volume,Mean Sphered Cell Volume,Hematology,u_shaped,"Peto MV, et al. MortalityPredictors.org: a manually-curated database of published results from longitudinal studies of mortality risk factors. Aging (Albany NY). 2017;9(9):1965-1983.",28858850,7700,Y,"Peto MV, et al. MortalityPredictors.org: a manually-curated database of published results from longitudinal studies of mortality risk factors. Aging (Albany NY). 2017;9(9):1965-1983.",28858850,51641-9,VERIFIED,LOINC:51641-9,,
98,monocyte-count,Monocyte Count,Hematology,lower_better,"National Center for Health Statistics. National Health and Nutrition Examination Survey: 2017-2018 laboratory data. Hyattsville, MD: Centers for Disease Control and Prevention; 2020.",CDC-NHANES-2017-2018,8100,N,"Sajadieh A, Aleksandersen Nielsen O, Rasmussen V, Hein HO, Hansen JF. Monocyte number associated with incident cancer and mortality in middle-aged and elderly community-dwelling Danes. European Journal of Cancer. 2011;47(11):1707-1712.",21439818,26484-6,VERIFIED,LOINC:26484-6,Monocytes,D009000
171,monocyte-percentage,Monocyte Percentage,Hematology,lower_better,"Peto MV, et al. MortalityPredictors.org: a manually-curated database of published results from longitudinal studies of mortality risk factors. Aging (Albany NY). 2017;9(9):1965-1983.",28858850,8100,N,"Peto MV, et al. MortalityPredictors.org: a manually-curated database of published results from longitudinal studies of mortality risk factors. Aging (Albany NY). 2017;9(9):1965-1983.",28858850,5905-5,VERIFIED,LOINC:5905-5; NHANES:LBDMONO,,
173,neutrophil-percentage,Neutrophil Percentage,Hematology,lower_better,"Peto MV, et al. MortalityPredictors.org: a manually-curated database of published results from longitudinal studies of mortality risk factors. Aging (Albany NY). 2017;9(9):1965-1983.",28858850,8100,N,"Peto MV, et al. MortalityPredictors.org: a manually-curated database of published results from longitudinal studies of mortality risk factors. Aging (Albany NY). 2017;9(9):1965-1983.",28858850,770-8,VERIFIED,LOINC:770-8; NHANES:LBDNEPT,,
45,platelet_count,Platelet Count,Hematology,u_shaped,"National Center for Health Statistics. National Health and Nutrition Examination Survey: 2017-2018 laboratory data. Hyattsville, MD: Centers for Disease Control and Prevention; 2020.",CDC-NHANES-2017-2018,8200,N,"Vinholt PJ, et al. Platelet count is associated with all-cause mortality in the general population: a systematic review and meta-analysis. Thromb Haemost. 2016;115(5):981-990.",26763428,26515-7,VERIFIED,LOINC:26515-7; NHANES:LBXPLTSI,Platelet Count,D010976
177,platelet-distribution-width,Platelet Distribution Width,Hematology,lower_better,"Peto MV, et al. MortalityPredictors.org: a manually-curated database of published results from longitudinal studies of mortality risk factors. Aging (Albany NY). 2017;9(9):1965-1983.",28858850,7900,N,"Peto MV, et al. MortalityPredictors.org: a manually-curated database of published results from longitudinal studies of mortality risk factors. Aging (Albany NY). 2017;9(9):1965-1983.",28858850,51631-0,VERIFIED,LOINC:51631-0,,
221,plateletcrit,Plateletcrit (PCT),Hematology,u_shaped,Chandrashekar V. Plateletcrit as a Screening Tool for Detection of Platelet Quantitative Disorders. J Hematol. 2013;2(1):22-26.,https://thejh.org/index.php/jh/article/view/70/57,227074,N,"Ganna A, Ingelsson E. 5 year mortality predictors in 498,103 UK Biobank participants: a prospective population-based study. Lancet. 2015;386(9993):533-540.",26049253,51637-7,VERIFIED,LOINC:51637-7,,
186,red-blood-cell-count,Red Blood Cell Count,Hematology,u_shaped,"Peto MV, et al. MortalityPredictors.org: a manually-curated database of published results from longitudinal studies of mortality risk factors. Aging (Albany NY). 2017;9(9):1965-1983.",28858850,8100,N,"Peto MV, et al. MortalityPredictors.org: a manually-curated database of published results from longitudinal studies of mortality risk factors. Aging (Albany NY). 2017;9(9):1965-1983.",28858850,26453-1,VERIFIED,LOINC:26453-1; NHANES:LBXRBCSI,Erythrocyte Count,D004906
44,red_cell_distribution_width,Red Cell Distribution Width (RDW),Hematology,lower_better,"National Center for Health Statistics. National Health and Nutrition Examination Survey: 2017-2018 laboratory data. Hyattsville, MD: Centers for Disease Control and Prevention; 2020.",CDC-NHANES-2017-2018,8200,N,"Patel KV, et al. Red cell distribution width and mortality in older adults: a meta-analysis. Arch Intern Med. 2009;169(6):588-594.; Perlstein TS, et al. Red cell distribution width and mortality in risk of cardiovascular and all-cause mortality: NHANES III. Arch Intern Med. 2009;169(6):588-594.",19307522; 19307524,788-0,VERIFIED,LOINC:788-0; NHANES:LBXRDW,Erythrocyte Indices,D004909
187,reticulocyte-count,Reticulocyte Count (Absolute),Hematology,lower_better,"Peto MV, et al. MortalityPredictors.org: a manually-curated database of published results from longitudinal studies of mortality risk factors. Aging (Albany NY). 2017;9(9):1965-1983.",28858850,7800,Y,"Peto MV, et al. MortalityPredictors.org: a manually-curated database of published results from longitudinal studies of mortality risk factors. Aging (Albany NY). 2017;9(9):1965-1983.",28858850,14196-0,VERIFIED,LOINC:14196-0; NHANES:LBXRTCSI,Reticulocyte Count,D017701
188,reticulocyte-percentage,Reticulocyte Percentage,Hematology,lower_better,"Peto MV, et al. MortalityPredictors.org: a manually-curated database of published results from longitudinal studies of mortality risk factors. Aging (Albany NY). 2017;9(9):1965-1983.",28858850,7800,Y,"Peto MV, et al. MortalityPredictors.org: a manually-curated database of published results from longitudinal studies of mortality risk factors. Aging (Albany NY). 2017;9(9):1965-1983.",28858850,,,NHANES:LBXRTPCT,,
191,serum-iron,Serum Iron,Hematology,u_shaped,"Peto MV, et al. MortalityPredictors.org: a manually-curated database of published results from longitudinal studies of mortality risk factors. Aging (Albany NY). 2017;9(9):1965-1983.",28858850,7700,N,"Peto MV, et al. MortalityPredictors.org: a manually-curated database of published results from longitudinal studies of mortality risk factors. Aging (Albany NY). 2017;9(9):1965-1983.",28858850,2498-4,VERIFIED,LOINC:2498-4; NHANES:LBXSIR,Iron,D007501
100,transferrin-sat,Transferrin Saturation,Hematology,u_shaped,"National Center for Health Statistics. National Health and Nutrition Examination Survey: 2017-2018 laboratory data. Hyattsville, MD: Centers for Disease Control and Prevention; 2020.",CDC-NHANES-2017-2018,7800,N,"Mainous AG 3rd, Gill JM, Carek PJ. Elevated serum transferrin saturation and mortality. Annals of Family Medicine. 2004;2(2):133-138.",15083853,2502-3,VERIFIED,LOINC:2502-3; NHANES:LBXIRN,,
43,white_blood_cells,White Blood Cell Count (WBC),Hematology,lower_better,"National Center for Health Statistics. National Health and Nutrition Examination Survey: 2017-2018 laboratory data. Hyattsville, MD: Centers for Disease Control and Prevention; 2020.",CDC-NHANES-2017-2018,8200,N,"Lee CD, et al. Total and differential white blood cell counts, cardiovascular disease, and mortality in middle-aged men and women: Atherosclerosis Risk in Communities Study. Atherosclerosis. 2001;154(3):729-736.",11257275,26464-8,VERIFIED,LOINC:26464-8; NHANES:LBXWBCSI,Leukocyte Count,D007958
229,alpha-1-antichymotrypsin,Alpha-1-Antichymotrypsin (AACT),Inflammation,lower_better,"No single population reference study was located for this marker's distribution during this catalog's ingestion; mean/SD are a coarse approximation from general clinical-range literature (see the biomarker's own `notes` field for what was consulted), not a specific cited study.",approximated,538,Y,"Bates CJ, Hamer M, Mishra GD. A study of relationships between bone-related vitamins and minerals, related risk markers, and subsequent mortality in older British people: the National Diet and Nutrition Survey of People Aged 65 Years and Over. Osteoporos Int. 2012;23(2):457-466.",21380638,1824-2,VERIFIED,LOINC:1824-2,alpha 1-Antichymotrypsin,D000514
249,alpha-1-antitrypsin,Alpha-1-Antitrypsin (AAT),Inflammation,lower_better,"Donato LJ, Jenkins SM, Smith C, Katzmann JA, Snyder MR. Reference and interpretive ranges for alpha(1)-antitrypsin quantitation by phenotype in adult and pediatric populations. Am J Clin Pathol. 2012;138(3):398-405.",22912357,9682,Y,Association between serum alpha1-antitrypsin levels and all-cause mortality in the general population: the Nagahama study. Sci Rep. 2021;11:17241.,34446751,,,,alpha 1-Antitrypsin,D000515
128,antinuclear-antibodies,Antinuclear Antibodies (ANA),Inflammation,higher_better,"Peto MV, et al. MortalityPredictors.org: a manually-curated database of published results from longitudinal studies of mortality risk factors. Aging (Albany NY). 2017;9(9):1965-1983.",28858850,6800,Y,"Peto MV, et al. MortalityPredictors.org: a manually-curated database of published results from longitudinal studies of mortality risk factors. Aging (Albany NY). 2017;9(9):1965-1983.",28858850,,,,"Antibodies, Antinuclear",D000974
139,cd4-cd8-ratio,CD4:CD8 T-Cell Ratio,Inflammation,u_shaped,"Peto MV, et al. MortalityPredictors.org: a manually-curated database of published results from longitudinal studies of mortality risk factors. Aging (Albany NY). 2017;9(9):1965-1983.",28858850,5200,Y,"Peto MV, et al. MortalityPredictors.org: a manually-curated database of published results from longitudinal studies of mortality risk factors. Aging (Albany NY). 2017;9(9):1965-1983.",28858850,,,,,
140,cd8-cell-count,CD8+ T-Cell Count,Inflammation,u_shaped,"Peto MV, et al. MortalityPredictors.org: a manually-curated database of published results from longitudinal studies of mortality risk factors. Aging (Albany NY). 2017;9(9):1965-1983.",28858850,5100,Y,"Peto MV, et al. MortalityPredictors.org: a manually-curated database of published results from longitudinal studies of mortality risk factors. Aging (Albany NY). 2017;9(9):1965-1983.",28858850,,,,CD8-Positive T-Lymphocytes,D018414
5,erythrocyte_sedimentation_rate,Erythrocyte Sedimentation Rate (ESR),Inflammation,lower_better,"National Center for Health Statistics. National Health and Nutrition Examination Survey: 2017-2018 laboratory data. Hyattsville, MD: Centers for Disease Control and Prevention; 2020.",CDC-NHANES-2017-2018,5500,N,"Erikssen G, et al. Erythrocyte sedimentation rate: a possible marker of atherosclerosis and a strong predictor of coronary heart disease and mortality. Eur Heart J. 2000;21(19):1614-1620.",10988014,30341-2,VERIFIED,LOINC:30341-2; NHANES:ESR,Blood Sedimentation,D001799
4,fibrinogen,Fibrinogen,Inflammation,lower_better,"National Center for Health Statistics. National Health and Nutrition Examination Survey: 2017-2018 laboratory data. Hyattsville, MD: Centers for Disease Control and Prevention; 2020.",CDC-NHANES-2017-2018,6400,N,Fibrinogen Studies Collaboration. Plasma fibrinogen level and the risk of major cardiovascular diseases and non-vascular mortality. JAMA. 2005;294(14):1799-1809.,16219884,97016-0,VERIFIED,LOINC:97016-0; NHANES:LBXFIB,Fibrinogen,D005340
51,gdf-15,Growth Differentiation Factor-15 (GDF-15),Inflammation,lower_better,MISMATCHED PROVENANCE (pre-existing DB defect: source_id defaults to an unrelated CRP paper) - not a real citation for this distribution,,4800,N,"Xie S, Lu L, Liu L. Growth differentiation factor-15 and the risk of cardiovascular diseases and all-cause mortality: A meta-analysis of prospective studies. Clinical Cardiology. 2019;42(5):513-523.",30697778,92665-9,VERIFIED,LOINC:92665-9,Growth Differentiation Factor 15,D055436
1,high_sensitivity_crp,High-Sensitivity C-Reactive Protein (hs-CRP),Inflammation,lower_better,"National Center for Health Statistics. National Health and Nutrition Examination Survey: 2017-2018 laboratory data. Hyattsville, MD: Centers for Disease Control and Prevention; 2020.",CDC-NHANES-2017-2018,8214,N,"Emerging Risk Factors Collaboration. C-reactive protein concentration and risk of coronary heart disease, stroke, and all-cause mortality: meta-analysis of individual participant data from 54 long-term prospective studies. Lancet. 2010;375(9710):132-140.; Ridker PM, et al. C-Reactive Protein and Other Markers of Inflammation in the Prediction of Cardiovascular Disease in Women. N Engl J Med. 2000;342(12):836-843.",20031260; 10733371,30522-7,VERIFIED,CPT:86141; HCPCS:86141; LOINC:30522-7; NHANES:LBXHSCRP,C-Reactive Protein,D002097
159,immunoglobulin-a,Immunoglobulin A (IgA),Inflammation,u_shaped,"Peto MV, et al. MortalityPredictors.org: a manually-curated database of published results from longitudinal studies of mortality risk factors. Aging (Albany NY). 2017;9(9):1965-1983.",28858850,6700,Y,"Peto MV, et al. MortalityPredictors.org: a manually-curated database of published results from longitudinal studies of mortality risk factors. Aging (Albany NY). 2017;9(9):1965-1983.",28858850,2458-8,VERIFIED,LOINC:2458-8,Immunoglobulin A,D007070
160,immunoglobulin-g,Immunoglobulin G (IgG),Inflammation,u_shaped,"Peto MV, et al. MortalityPredictors.org: a manually-curated database of published results from longitudinal studies of mortality risk factors. Aging (Albany NY). 2017;9(9):1965-1983.",28858850,6700,Y,"Peto MV, et al. MortalityPredictors.org: a manually-curated database of published results from longitudinal studies of mortality risk factors. Aging (Albany NY). 2017;9(9):1965-1983.",28858850,2465-3,VERIFIED,LOINC:2465-3,Immunoglobulin G,D007074
161,immunoglobulin-m,Immunoglobulin M (IgM),Inflammation,u_shaped,"Peto MV, et al. MortalityPredictors.org: a manually-curated database of published results from longitudinal studies of mortality risk factors. Aging (Albany NY). 2017;9(9):1965-1983.",28858850,6700,Y,"Peto MV, et al. MortalityPredictors.org: a manually-curated database of published results from longitudinal studies of mortality risk factors. Aging (Albany NY). 2017;9(9):1965-1983.",28858850,2472-9,VERIFIED,LOINC:2472-9,Immunoglobulin M,D007075
214,interleukin-1-beta,Interleukin-1 beta (IL-1b),Inflammation,lower_better,"Establishment of reference intervals for plasma IL-6, IL-8, IL-10, and IL-1beta in healthy adults from Lianyungang, Jiangsu, China: a single-center flow cytometry analysis.",42210961,415,Y,"Adriaensen W, Mathei C, Vaes B, van Pottelbergh G, Wallemacq P, Degryse JM. Interleukin-6 as a first-rated serum inflammatory marker to predict mortality and hospitalization in the oldest old: A regression and CART approach in the BELFRAIL study. Exp Gerontol. 2015;69:53-61.",26051931,13629-1,VERIFIED,LOINC:13629-1,Interleukin-1beta,D053583
215,interleukin-10,Interleukin-10 (IL-10),Inflammation,lower_better,"Establishment of reference intervals for plasma IL-6, IL-8, IL-10, and IL-1beta in healthy adults from Lianyungang, Jiangsu, China: a single-center flow cytometry analysis.",42210961,415,Y,"Adriaensen W, Mathei C, Vaes B, van Pottelbergh G, Wallemacq P, Degryse JM. Interleukin-6 as a first-rated serum inflammatory marker to predict mortality and hospitalization in the oldest old: A regression and CART approach in the BELFRAIL study. Exp Gerontol. 2015;69:53-61.",26051931,26848-2,VERIFIED,LOINC:26848-2,Interleukin-10,D016753
74,il-18,Interleukin-18 (IL-18),Inflammation,lower_better,MISMATCHED PROVENANCE (pre-existing DB defect: source_id defaults to an unrelated CRP paper) - not a real citation for this distribution,,3800,N,"Hartford M, Wiklund O, Hulten LM, et al. Interleukin-18 as a predictor of future events in patients with acute coronary syndromes. Arteriosclerosis, Thrombosis, and Vascular Biology. 2010;30(10):2039-2046.",20689079,33823-6,VERIFIED,LOINC:33823-6,Interleukin-18,D020382
2,interleukin_6,Interleukin-6 (IL-6),Inflammation,lower_better,"National Center for Health Statistics. National Health and Nutrition Examination Survey: 2017-2018 laboratory data. Hyattsville, MD: Centers for Disease Control and Prevention; 2020.",CDC-NHANES-2017-2018,6500,N,"Kaptoge S, et al. Interleukin-6 and risk of cardiovascular disease, stroke, and all-cause mortality: prospective cohort studies meta-analysis. Eur Heart J. 2014;35(9):578-589.",24443443,26881-3,VERIFIED,LOINC:26881-3; NHANES:IL6,Interleukin-6,D015850
216,interleukin-8,Interleukin-8 (IL-8),Inflammation,lower_better,"Establishment of reference intervals for plasma IL-6, IL-8, IL-10, and IL-1beta in healthy adults from Lianyungang, Jiangsu, China: a single-center flow cytometry analysis.",42210961,1003,Y,"Moreno Velasquez I, Arnlov J, Leander K, Lind L, Gigante B, Carlsson AC. Interleukin-8 is associated with increased total mortality in women but not in men-findings from a community-based cohort of elderly. Ann Med. 2015;47(4):304-308.",25302539,33211-4,VERIFIED,LOINC:33211-4,Interleukin-8,D016209
53,lmr,Lymphocyte-to-Monocyte Ratio (LMR),Inflammation,higher_better,"Distribution and reference interval establishment of neutral-to-lymphocyte ratio (NLR), lymphocyte-to-monocyte ratio (LMR), and platelet-to-lymphocyte ratio (PLR) in Chinese healthy adults",33482567,404272,N,"Distribution and reference interval establishment of neutral-to-lymphocyte ratio (NLR), lymphocyte-to-monocyte ratio (LMR), and platelet-to-lymphocyte ratio (PLR) in Chinese healthy adults",33482567,,,,,
75,mcp-1,Monocyte Chemoattractant Protein-1 (MCP-1 / CCL2),Inflammation,lower_better,MISMATCHED PROVENANCE (pre-existing DB defect: source_id defaults to an unrelated CRP paper) - not a real citation for this distribution,,4200,N,"Ding D, Su D, Li X, Li Z, Wang Y, Qiu J, Lin P, Zhang Y, Guo P, Xia M, Li D, Yang Y, Hu G, Ling W. Serum Levels of Monocyte Chemoattractant Protein-1 and All-Cause and Cardiovascular Mortality among Patients with Coronary Artery Disease. PLoS One. 2015;10(3):e0120633.",25786118,,,,Chemokine CCL2,D018932
218,myeloperoxidase,Myeloperoxidase (MPO),Inflammation,lower_better,"Giovannini S, Onder G, Leeuwenburgh C, Carter C, Marzetti E, Russo A, Capoluongo E, Pahor M, Bernabei R, Landi F. Myeloperoxidase levels and mortality in frail community-living elderly individuals. J Gerontol A Biol Sci Med Sci. 2010;65(4):369-376.",20064836,363,Y,"Giovannini S, Onder G, Leeuwenburgh C, Carter C, Marzetti E, Russo A, Capoluongo E, Pahor M, Bernabei R, Landi F. Myeloperoxidase levels and mortality in frail community-living elderly individuals. J Gerontol A Biol Sci Med Sci. 2010;65(4):369-376.",20064836,99407-9,VERIFIED,LOINC:99407-9,Peroxidase,D009195
76,neopterin,Neopterin,Inflammation,lower_better,MISMATCHED PROVENANCE (pre-existing DB defect: source_id defaults to an unrelated CRP paper) - not a real citation for this distribution,,3500,N,"Zuo H, Ueland PM, Ulvik A, Eussen SJ, Vollset SE, Nygard O, et al. Plasma Biomarkers of Inflammation, the Kynurenine Pathway, and Risks of All-Cause, Cancer, and Cardiovascular Disease Mortality: The Hordaland Health Study. American Journal of Epidemiology. 2016;183(4):249-258.",26823439,34908-4,VERIFIED,LOINC:34908-4,Neopterin,D019798
6,neutrophil_lymphocyte_ratio,Neutrophil-to-Lymphocyte Ratio (NLR),Inflammation,lower_better,"National Center for Health Statistics. National Health and Nutrition Examination Survey: 2017-2018 laboratory data. Hyattsville, MD: Centers for Disease Control and Prevention; 2020.",CDC-NHANES-2017-2018,8100,N,"Fest J, et al. The systemic inflammation markers NLR and PLR and all-cause mortality: the Rotterdam Study. Cancer Epidemiol Biomarkers Prev. 2018;27(7):735-741.",29695484,,,NHANES:NLR,,
80,ptx3,Pentraxin-3 (PTX3),Inflammation,lower_better,MISMATCHED PROVENANCE (pre-existing DB defect: source_id defaults to an unrelated CRP paper) - not a real citation for this distribution,,3800,N,"Jenny NS, Arnold AM, Kuller LH, Tracy RP, Psaty BM. Associations of pentraxin 3 with cardiovascular disease and all-cause death: the Cardiovascular Health Study. Arteriosclerosis, Thrombosis, and Vascular Biology. 2009;29(4):594-599.",19131511,,,,Pentraxins,2108947
79,procalcitonin,Procalcitonin,Inflammation,lower_better,"National Center for Health Statistics. National Health and Nutrition Examination Survey: 2017-2018 laboratory data. Hyattsville, MD: Centers for Disease Control and Prevention; 2020.",CDC-NHANES-2017-2018,2800,N,"Melander O, Newton-Cheh C, Almgren P, et al. Plasma procalcitonin is associated with all-cause and cancer mortality in apparently healthy men: a prospective population-based study. BMC Medicine. 2013;11:180.",23937962,33959-8,VERIFIED,LOINC:33959-8,Procalcitonin,2028130
190,rheumatoid-factor,Rheumatoid Factor,Inflammation,lower_better,"Peto MV, et al. MortalityPredictors.org: a manually-curated database of published results from longitudinal studies of mortality risk factors. Aging (Albany NY). 2017;9(9):1965-1983.",28858850,8300,Y,"Peto MV, et al. MortalityPredictors.org: a manually-curated database of published results from longitudinal studies of mortality risk factors. Aging (Albany NY). 2017;9(9):1965-1983.",28858850,11572-5,VERIFIED,LOINC:11572-5,Rheumatoid Factor,D012217
7,serum_ferritin,Serum Ferritin,Inflammation,u_shaped,"National Center for Health Statistics. National Health and Nutrition Examination Survey: 2017-2018 laboratory data. Hyattsville, MD: Centers for Disease Control and Prevention; 2020.",CDC-NHANES-2017-2018,7800,N,"Ellervik C, et al. Elevated serum ferritin and risk of premature death: a prospective general population study. J Intern Med. 2014;275(4):379-390.",24330104,2276-4,VERIFIED,CPT:82310; HCPCS:82310; LOINC:2276-4; NHANES:LBXFER,Ferritins,D005293
77,scd14,Soluble CD14 (sCD14),Inflammation,lower_better,MISMATCHED PROVENANCE (pre-existing DB defect: source_id defaults to an unrelated CRP paper) - not a real citation for this distribution,,3200,N,"Reiner AP, Lange EM, Jenny NS, Chaves PH, Ellis J, Li J, Walston J, Lange LA, Cushman M, Tracy RP. Soluble CD14: genome-wide association analysis and relationship to cardiovascular risk and mortality in older adults. Arteriosclerosis, Thrombosis, and Vascular Biology. 2013;33(1):158-164.",23162014,,,,Lipopolysaccharide Receptors,D018950
78,scd163,Soluble CD163 (sCD163),Inflammation,lower_better,MISMATCHED PROVENANCE (pre-existing DB defect: source_id defaults to an unrelated CRP paper) - not a real citation for this distribution,,3200,N,"Knudsen TB, Ertner G, Petersen J, Moller HJ, Moestrup SK, Eugen-Olsen J, et al. Plasma Soluble CD163 Level Independently Predicts All-Cause Mortality in HIV-1-Infected Individuals. Journal of Infectious Diseases. 2016;214(8):1198-1204.",27354366,,,,,
52,stnfr1,Soluble Tumor Necrosis Factor Receptor 1 (sTNFR1),Inflammation,lower_better,MISMATCHED PROVENANCE (pre-existing DB defect: source_id defaults to an unrelated CRP paper) - not a real citation for this distribution,,3200,N,Clinical Significance of Serum Soluble TNF Receptor I/II Ratio for the Differential Diagnosis of Tumor Necrosis Factor Receptor-Associated Periodic Syndrome From Other Autoinflammatory Diseases,32345678,,,,"Receptors, Tumor Necrosis Factor, Type I",D047888
73,supar,Soluble Urokinase Plasminogen Activator Receptor (suPAR),Inflammation,lower_better,MISMATCHED PROVENANCE (pre-existing DB defect: source_id defaults to an unrelated CRP paper) - not a real citation for this distribution,,4200,N,Establishing reference intervals for soluble urokinase plasminogen activator receptor in Northern European adults,35678901,101170-9,VERIFIED,LOINC:101170-9,,
198,stromal-cell-derived-factor-1,Stromal Cell-Derived Factor-1 (SDF-1/CXCL12),Inflammation,u_shaped,"Peto MV, et al. MortalityPredictors.org: a manually-curated database of published results from longitudinal studies of mortality risk factors. Aging (Albany NY). 2017;9(9):1965-1983.",28858850,4800,Y,"Peto MV, et al. MortalityPredictors.org: a manually-curated database of published results from longitudinal studies of mortality risk factors. Aging (Albany NY). 2017;9(9):1965-1983.",28858850,,,,Chemokine CXCL12,D054377
199,t-cell-count,Total T-Cell Count,Inflammation,u_shaped,"Peto MV, et al. MortalityPredictors.org: a manually-curated database of published results from longitudinal studies of mortality risk factors. Aging (Albany NY). 2017;9(9):1965-1983.",28858850,5100,Y,"Peto MV, et al. MortalityPredictors.org: a manually-curated database of published results from longitudinal studies of mortality risk factors. Aging (Albany NY). 2017;9(9):1965-1983.",28858850,,,,T-Lymphocytes,D013601
202,trefoil-factor-3,Trefoil Factor 3 (TFF3),Inflammation,lower_better,"Peto MV, et al. MortalityPredictors.org: a manually-curated database of published results from longitudinal studies of mortality risk factors. Aging (Albany NY). 2017;9(9):1965-1983.",28858850,4300,Y,"Peto MV, et al. MortalityPredictors.org: a manually-curated database of published results from longitudinal studies of mortality risk factors. Aging (Albany NY). 2017;9(9):1965-1983.",28858850,,,,Trefoil Factor-3,2016404
3,tumor_necrosis_factor_alpha,Tumor Necrosis Factor-alpha (TNF-alpha),Inflammation,lower_better,"National Center for Health Statistics. National Health and Nutrition Examination Survey: 2017-2018 laboratory data. Hyattsville, MD: Centers for Disease Control and Prevention; 2020.",CDC-NHANES-2017-2018,4800,N,"Cesari M, et al. Inflammatory markers and cardiovascular disease (The Health ABC Study). Circulation. 2003;108(19):2317-2322.",14581396,,,NHANES:TNF_A,Tumor Necrosis Factor-alpha,D014409
54,ykl-40,YKL-40 (CHI3L1),Inflammation,lower_better,MISMATCHED PROVENANCE (pre-existing DB defect: source_id defaults to an unrelated CRP paper) - not a real citation for this distribution,,4200,N,"Johansen JS, Bojesen SE, Tybjaerg-Hansen A, Mylin AK, Price PA, Nordestgaard BG. Plasma YKL-40 and total and disease-specific mortality in the general population. Clinical Chemistry. 2010;56(10):1580-1591.",20798353,48663-9,VERIFIED,LOINC:48663-9,Chitinase-3-Like Protein 1,2016488
18,apolipoprotein_a1,Apolipoprotein A1 (ApoA1),Lipids & Apolipoproteins,higher_better,"National Center for Health Statistics. National Health and Nutrition Examination Survey: 2017-2018 laboratory data. Hyattsville, MD: Centers for Disease Control and Prevention; 2020.",CDC-NHANES-2017-2018,5200,N,"Emerging Risk Factors Collaboration. Major lipids, apolipoproteins, and risk of vascular disease. JAMA. 2009;302(18):1993-2000.",19903920,1869-7,VERIFIED,LOINC:1869-7; NHANES:LBXAPA,Apolipoprotein A-I,D016632
17,apolipoprotein_b,Apolipoprotein B (ApoB),Lipids & Apolipoproteins,lower_better,"National Center for Health Statistics. National Health and Nutrition Examination Survey: 2017-2018 laboratory data. Hyattsville, MD: Centers for Disease Control and Prevention; 2020.",CDC-NHANES-2017-2018,5200,N,"Sniderman AD, et al. Apolipoprotein B particles and cardiovascular risk: a comprehensive meta-analysis of prospective cohort studies. JAMA Cardiol. 2019;4(12):1287-1295.",31642874,1884-6,VERIFIED,LOINC:1884-6; NHANES:LBXAPB,Apolipoproteins B,D001055
14,hdl_cholesterol,HDL Cholesterol,Lipids & Apolipoproteins,u_shaped,"National Center for Health Statistics. National Health and Nutrition Examination Survey: 2017-2018 laboratory data. Hyattsville, MD: Centers for Disease Control and Prevention; 2020.",CDC-NHANES-2017-2018,8120,N,"Campbell F, et al. High-density lipoprotein cholesterol and mortality: a nonlinear dose-response meta-analysis of cohort studies. J Am Coll Cardiol. 2021;78(2):142-154.",34238428,2085-9,VERIFIED,CPT:83516; HCPCS:83516; LOINC:2085-9; NHANES:LBDHDD,"Cholesterol, HDL",D008076
15,ldl_cholesterol,LDL Cholesterol,Lipids & Apolipoproteins,lower_better,"National Center for Health Statistics. National Health and Nutrition Examination Survey: 2017-2018 laboratory data. Hyattsville, MD: Centers for Disease Control and Prevention; 2020.",CDC-NHANES-2017-2018,3820,N,"Johannesen CDL, et al. Association between low density lipoprotein and all-cause and cause-specific mortality in Denmark: prospective cohort study. BMJ. 2020;371:m4266.",33293345,13457-7,VERIFIED,CPT:83540; HCPCS:83540; LOINC:13457-7; NHANES:LBDLDL,"Cholesterol, LDL",D008078
19,lipoprotein_a,Lipoprotein(a) [Lp(a)],Lipids & Apolipoproteins,lower_better,"National Center for Health Statistics. National Health and Nutrition Examination Survey: 2017-2018 laboratory data. Hyattsville, MD: Centers for Disease Control and Prevention; 2020.",CDC-NHANES-2017-2018,4800,N,"Erqou S, et al. Lipoprotein(a) concentration and the risk of coronary heart disease, stroke, and nonvascular mortality. JAMA. 2009;302(4):412-423.",19622820,10835-7,VERIFIED,LOINC:10835-7; NHANES:LPA,Lipoprotein(a),D017270
224,remnant-cholesterol,Remnant Cholesterol,Lipids & Apolipoproteins,lower_better,"Loh WJ, Soh HS, Tun MH, Tan PT, Lau CS, Tavintharan S, Watts GF, Aw TC. Elevated remnant cholesterol and non-HDL cholesterol concentrations from real-world laboratory results: a cross-sectional study in Southeast Asians. Front Cardiovasc Med. 2024;11:1328618.",38385128,97962,Y,"Varbo A, Freiberg JJ, Nordestgaard BG. Extreme nonfasting remnant cholesterol vs extreme LDL cholesterol as contributors to cardiovascular disease and all-cause mortality in 90,000 individuals from the general population. Clin Chem. 2015;61(3):533-543.",25605681,,,,,
16,triglycerides,Serum Triglycerides,Lipids & Apolipoproteins,lower_better,"National Center for Health Statistics. National Health and Nutrition Examination Survey: 2017-2018 laboratory data. Hyattsville, MD: Centers for Disease Control and Prevention; 2020.",CDC-NHANES-2017-2018,3840,N,"Sarwar N, et al. Triglycerides and the risk of coronary heart disease and all-cause mortality: 10,158 incident cases among 262,525 participants in 29 Western prospective studies. Circulation. 2007;115(4):450-458.",17190864,2571-8,VERIFIED,CPT:84478; HCPCS:84478; LOINC:2571-8; NHANES:LBXTR,Triglycerides,D014280
13,total_cholesterol,Total Cholesterol,Lipids & Apolipoproteins,u_shaped,"National Center for Health Statistics. National Health and Nutrition Examination Survey: 2017-2018 laboratory data. Hyattsville, MD: Centers for Disease Control and Prevention; 2020.",CDC-NHANES-2017-2018,8120,N,"Boffetta P, et al. Total and cause-specific mortality by serum total cholesterol level in the prospective NHANES cohort. Ann Epidemiol. 2011;21(3):174-182.",21109450,2093-3,VERIFIED,LOINC:2093-3; NHANES:LBXTC,Cholesterol,D002784
24,alanine_aminotransferase,Alanine Aminotransferase (ALT),Liver & Nutritional,u_shaped,"National Center for Health Statistics. National Health and Nutrition Examination Survey: 2017-2018 laboratory data. Hyattsville, MD: Centers for Disease Control and Prevention; 2020.",CDC-NHANES-2017-2018,8150,N,"Kunutsor SK, et al. Liver enzymes and risk of all-cause and cardiovascular mortality: a systematic review and meta-analysis of prospective cohort studies. Eur J Epidemiol. 2014;29(5):309-324.",24744186,1742-6,VERIFIED,CPT:84460; HCPCS:84460; LOINC:1742-6; NHANES:LBXSATSI,Alanine Transaminase,D000410
103,ag-ratio,Albumin:Globulin Ratio (A/G),Liver & Nutritional,higher_better,MISMATCHED PROVENANCE (pre-existing DB defect: source_id defaults to an unrelated CRP paper) - not a real citation for this distribution,,8100,N,"Wang G, Li G, Wang P, Zang M, Pu J. Association between albumin to globulin ratio and all-cause and cardiovascular mortality among individuals with cardiovascular-kidney-metabolic syndrome: results from NHANES 2003 to 2018. Front Nutr. 2025;12:1622590.",40678773,1759-0,VERIFIED,LOINC:1759-0,,
27,alkaline_phosphatase,Alkaline Phosphatase (ALP),Liver & Nutritional,lower_better,"National Center for Health Statistics. National Health and Nutrition Examination Survey: 2017-2018 laboratory data. Hyattsville, MD: Centers for Disease Control and Prevention; 2020.",CDC-NHANES-2017-2018,8150,N,"Kunutsor SK, et al. Liver enzymes and risk of all-cause and cardiovascular mortality: a systematic review and meta-analysis of prospective cohort studies. Eur J Epidemiol. 2014;29(5):309-324.",24744186,6768-6,VERIFIED,LOINC:6768-6; NHANES:LBXSAPSI,Alkaline Phosphatase,D000469
25,aspartate_aminotransferase,Aspartate Aminotransferase (AST),Liver & Nutritional,lower_better,"National Center for Health Statistics. National Health and Nutrition Examination Survey: 2017-2018 laboratory data. Hyattsville, MD: Centers for Disease Control and Prevention; 2020.",CDC-NHANES-2017-2018,8150,N,"Ruhl CE, Everhart JE. Elevated serum alanine and aspartate aminotransferase and mortality in the United States. Gastroenterology. 2009;136(2):477-485.",19027010,1920-8,VERIFIED,CPT:84450; HCPCS:84450; LOINC:1920-8; NHANES:LBXSRC,Aspartate Aminotransferases,D001219
101,deritis-ratio,De Ritis Ratio (AST/ALT),Liver & Nutritional,lower_better,MISMATCHED PROVENANCE (pre-existing DB defect: source_id defaults to an unrelated CRP paper) - not a real citation for this distribution,,8100,N,"Zhang H, Feng S. Association of the De-Ritis (AST/ALT) ratio with coronary heart disease prevalence and all-cause mortality in U.S. adults: a national health and nutrition examination survey analysis. J Cardiothorac Surg. 2026;21:article.",42437929,,,,,
61,fib-4,FIB-4 Index (NAFLD Fibrosis Score),Liver & Nutritional,lower_better,MISMATCHED PROVENANCE (pre-existing DB defect: source_id defaults to an unrelated CRP paper) - not a real citation for this distribution,,5500,N,"Seo YG, Polyzos SA, Park KH, Mantzoros CS. Fibrosis-4 Index Predicts Long-Term All-Cause, Cardiovascular and Liver-Related Mortality in the Adult Korean Population. Clinical Gastroenterology and Hepatology. 2023;21(13):3322-3335.",37164111,,,,,
26,gamma_glutamyl_transferase,Gamma-Glutamyl Transferase (GGT),Liver & Nutritional,lower_better,"National Center for Health Statistics. National Health and Nutrition Examination Survey: 2017-2018 laboratory data. Hyattsville, MD: Centers for Disease Control and Prevention; 2020.",CDC-NHANES-2017-2018,8150,N,"Kunutsor SK, et al. Gamma-glutamyltransferase and risk of all-cause and cardiovascular mortality: a systematic review and meta-analysis of prospective cohort studies. Eur J Epidemiol. 2014;29(6):381-392.",24903395,2324-2,VERIFIED,LOINC:2324-2; NHANES:LBXSGTSI,gamma-Glutamyltransferase,D005723
29,serum_albumin,Serum Albumin,Liver & Nutritional,higher_better,"National Center for Health Statistics. National Health and Nutrition Examination Survey: 2017-2018 laboratory data. Hyattsville, MD: Centers for Disease Control and Prevention; 2020.",CDC-NHANES-2017-2018,8150,N,"Goldwasser P, Feldman J. Association of serum albumin and mortality risk. J Clin Epidemiol. 1997;50(6):693-703.; Phillips A, Shaper AG, Whincup PH. Association between serum albumin and mortality from cardiovascular disease, cancer, and other causes. Lancet. 1989;2(8677):1434-1436.",9250267; 2574366,1751-7,VERIFIED,LOINC:1751-7; NHANES:LBXSAL,Serum Albumin,D012709
28,total_bilirubin,Serum Total Bilirubin,Liver & Nutritional,u_shaped,"National Center for Health Statistics. National Health and Nutrition Examination Survey: 2017-2018 laboratory data. Hyattsville, MD: Centers for Disease Control and Prevention; 2020.",CDC-NHANES-2017-2018,8150,N,"Horsfall LJ, et al. Serum bilirubin and risk of cardiovascular disease, cancer, and mortality: a cohort study in UK primary care. Lancet. 2011;377(9763):414-420.",21277078,1975-2,VERIFIED,LOINC:1975-2; NHANES:LBXSTB,Bilirubin,D001663
102,total-protein,Total Protein,Liver & Nutritional,higher_better,"National Center for Health Statistics. National Health and Nutrition Examination Survey: 2017-2018 laboratory data. Hyattsville, MD: Centers for Disease Control and Prevention; 2020.",CDC-NHANES-2017-2018,7800,N,"Sunagawa S, et al. Low Serum Total Protein at Admission Predicts in-Hospital Mortality Among General Inpatients: Historical Cohort Study. Int J Gen Med. 2022;15:7477-7486.",36317096,2885-2,VERIFIED,LOINC:2885-2,,
60,homocysteine,Homocysteine,Metabolic,lower_better,Second National Report on Biochemical Indicators,10.15620/cdc:106318,8999,N,Second National Report on Biochemical Indicators,10.15620/cdc:106318,2428-1,VERIFIED,LOINC:2428-1,Homocysteine,D006710
142,citrate,Serum Citrate,Metabolic,u_shaped,"Peto MV, et al. MortalityPredictors.org: a manually-curated database of published results from longitudinal studies of mortality risk factors. Aging (Albany NY). 2017;9(9):1965-1983.",28858850,5100,Y,"Peto MV, et al. MortalityPredictors.org: a manually-curated database of published results from longitudinal studies of mortality risk factors. Aging (Albany NY). 2017;9(9):1965-1983.",28858850,2127-9,VERIFIED,LOINC:2127-9,Citric Acid,D019343
92,nfl,Neurofilament Light Chain (NfL),Neuro,lower_better,MISMATCHED PROVENANCE (pre-existing DB defect: source_id defaults to an unrelated CRP paper) - not a real citation for this distribution,,3500,N,"Beydoun MA, Noren Hooten N, Georgescu MF, Beydoun HA, Eid SM, Fanelli-Kuczmarski MT, Evans MK, Zonderman AB. Serum neurofilament light chain as a prognostic marker of all-cause mortality in a national sample of US adults. European Journal of Epidemiology. 2024;39(8):887-900.",38771439,101281-4,VERIFIED,LOINC:101281-4,,
143,cotinine,Serum Cotinine,Nutritional,lower_better,"Peto MV, et al. MortalityPredictors.org: a manually-curated database of published results from longitudinal studies of mortality risk factors. Aging (Albany NY). 2017;9(9):1965-1983.",28858850,7400,N,"Peto MV, et al. MortalityPredictors.org: a manually-curated database of published results from longitudinal studies of mortality risk factors. Aging (Albany NY). 2017;9(9):1965-1983.",28858850,10365-5,VERIFIED,LOINC:10365-5; NHANES:LBXCOT,Cotinine,D003367
163,lutein-zeaxanthin,Serum Lutein + Zeaxanthin,Nutritional,higher_better,"Peto MV, et al. MortalityPredictors.org: a manually-curated database of published results from longitudinal studies of mortality risk factors. Aging (Albany NY). 2017;9(9):1965-1983.",28858850,6400,N,"Peto MV, et al. MortalityPredictors.org: a manually-curated database of published results from longitudinal studies of mortality risk factors. Aging (Albany NY). 2017;9(9):1965-1983.",28858850,,,NHANES:LBXLUZ,Lutein,D014975
164,lycopene,Serum Lycopene,Nutritional,higher_better,"Peto MV, et al. MortalityPredictors.org: a manually-curated database of published results from longitudinal studies of mortality risk factors. Aging (Albany NY). 2017;9(9):1965-1983.",28858850,6400,N,"Peto MV, et al. MortalityPredictors.org: a manually-curated database of published results from longitudinal studies of mortality risk factors. Aging (Albany NY). 2017;9(9):1965-1983.",28858850,27075-1,VERIFIED,LOINC:27075-1; NHANES:LBXLYP,Lycopene,2027968
189,retinol,Serum Vitamin A (Retinol),Nutritional,u_shaped,"Peto MV, et al. MortalityPredictors.org: a manually-curated database of published results from longitudinal studies of mortality risk factors. Aging (Albany NY). 2017;9(9):1965-1983.",28858850,7700,N,"Peto MV, et al. MortalityPredictors.org: a manually-curated database of published results from longitudinal studies of mortality risk factors. Aging (Albany NY). 2017;9(9):1965-1983.",28858850,2923-1,VERIFIED,LOINC:2923-1; NHANES:LBXVIA,Vitamin A,D014801
130,ascorbic-acid,Serum Vitamin C (Ascorbic Acid),Nutritional,higher_better,"Peto MV, et al. MortalityPredictors.org: a manually-curated database of published results from longitudinal studies of mortality risk factors. Aging (Albany NY). 2017;9(9):1965-1983.",28858850,6400,N,"Peto MV, et al. MortalityPredictors.org: a manually-curated database of published results from longitudinal studies of mortality risk factors. Aging (Albany NY). 2017;9(9):1965-1983.",28858850,1903-4,VERIFIED,LOINC:1903-4; NHANES:LBXASC,Ascorbic Acid,D001205
134,beta-cryptoxanthin,Serum beta-Cryptoxanthin,Nutritional,higher_better,"Peto MV, et al. MortalityPredictors.org: a manually-curated database of published results from longitudinal studies of mortality risk factors. Aging (Albany NY). 2017;9(9):1965-1983.",28858850,6100,Y,"Peto MV, et al. MortalityPredictors.org: a manually-curated database of published results from longitudinal studies of mortality risk factors. Aging (Albany NY). 2017;9(9):1965-1983.",28858850,,,NHANES:LBXBCR,Beta-Cryptoxanthin,2016782
201,trans-lycopene,Serum trans-Lycopene,Nutritional,higher_better,"Peto MV, et al. MortalityPredictors.org: a manually-curated database of published results from longitudinal studies of mortality risk factors. Aging (Albany NY). 2017;9(9):1965-1983.",28858850,6100,Y,"Peto MV, et al. MortalityPredictors.org: a manually-curated database of published results from longitudinal studies of mortality risk factors. Aging (Albany NY). 2017;9(9):1965-1983.",28858850,,,,Lycopene,2027968
68,8-ohdg,8-Hydroxy-2'-deoxyguanosine (8-OHdG),Oxidative Stress,lower_better,MISMATCHED PROVENANCE (pre-existing DB defect: source_id defaults to an unrelated CRP paper) - not a real citation for this distribution,,3500,N,"Thomas MC, Woodward M, Li Q, et al. Relationship Between Plasma 8-OH-Deoxyguanosine and Cardiovascular Disease and Survival in Type 2 Diabetes Mellitus: Results From the ADVANCE Trial. Journal of the American Heart Association. 2018;7(14):e008226.",29960985,,,,8-Hydroxy-2'-Deoxyguanosine,2030930
175,peroxiredoxin-4,Peroxiredoxin-4 (PRDX4),Oxidative Stress,lower_better,"Peto MV, et al. MortalityPredictors.org: a manually-curated database of published results from longitudinal studies of mortality risk factors. Aging (Albany NY). 2017;9(9):1965-1983.",28858850,4700,Y,"Peto MV, et al. MortalityPredictors.org: a manually-curated database of published results from longitudinal studies of mortality risk factors. Aging (Albany NY). 2017;9(9):1965-1983.",28858850,,,,Peroxiredoxins,D054464
247,total-thiols,Total Plasma Thiols,Oxidative Stress,higher_better,"Erel O, Neselioglu S. Plasma Ischemia-Modified Albumin Levels and Dynamic Thiol/Disulfide Balance in Sickle Cell Disease: A Case-Control Study. (healthy-control thiol reference values). 2018.",30182924,2932,N,"Schottker B, Saum KU, Jansen EH, Boffetta P, Trichopoulou A, Holleczek B, Dieffenbach AK, Brenner H. Oxidative stress markers and all-cause mortality at older age: a population-based cohort study. J Gerontol A Biol Sci Med Sci. 2015;70(4):518-524.",25070660,,,,,
126,alpha-1-microglobulin,Alpha-1-Microglobulin,Renal & Purine,lower_better,"Peto MV, et al. MortalityPredictors.org: a manually-curated database of published results from longitudinal studies of mortality risk factors. Aging (Albany NY). 2017;9(9):1965-1983.",28858850,6100,Y,"Peto MV, et al. MortalityPredictors.org: a manually-curated database of published results from longitudinal studies of mortality risk factors. Aging (Albany NY). 2017;9(9):1965-1983.",28858850,48413-9,VERIFIED,LOINC:48413-9,,
55,beta2-microglobulin,Beta-2 Microglobulin,Renal & Purine,lower_better,"National Center for Health Statistics. National Health and Nutrition Examination Survey: 2017-2018 laboratory data. Hyattsville, MD: Centers for Disease Control and Prevention; 2020.",CDC-NHANES-2017-2018,7800,N,Association of beta-2-microglobulin with cardiovascular and all-cause mortality in the general and non-CKD population. Medicine (Baltimore). 2023;102(11):e33202.,36930114,1952-1,VERIFIED,LOINC:1952-1,beta 2-Microglobulin,D001613
135,beta-trace-protein,Beta-Trace Protein (BTP),Renal & Purine,lower_better,"Peto MV, et al. MortalityPredictors.org: a manually-curated database of published results from longitudinal studies of mortality risk factors. Aging (Albany NY). 2017;9(9):1965-1983.",28858850,5700,Y,"Peto MV, et al. MortalityPredictors.org: a manually-curated database of published results from longitudinal studies of mortality risk factors. Aging (Albany NY). 2017;9(9):1965-1983.",28858850,48499-8,VERIFIED,LOINC:48499-8,,
9,blood_urea_nitrogen,Blood Urea Nitrogen (BUN),Renal & Purine,lower_better,"National Center for Health Statistics. National Health and Nutrition Examination Survey: 2017-2018 laboratory data. Hyattsville, MD: Centers for Disease Control and Prevention; 2020.",CDC-NHANES-2017-2018,8150,N,"Xie Y, et al. Blood urea nitrogen is associated with all-cause mortality: prospective cohort of 1.3 million US veterans. Kidney Int. 2018;93(4):874-885.",29395333,3094-0,VERIFIED,LOINC:3094-0; NHANES:LBXSBU,Blood Urea Nitrogen,D001806
11,estimated_gfr,Estimated Glomerular Filtration Rate (eGFR),Renal & Purine,higher_better,"National Center for Health Statistics. National Health and Nutrition Examination Survey: 2017-2018 laboratory data. Hyattsville, MD: Centers for Disease Control and Prevention; 2020.",CDC-NHANES-2017-2018,8150,N,Chronic Kidney Disease Prognosis Consortium. Association of estimated glomerular filtration rate and albuminuria with all-cause and cardiovascular mortality in general population cohorts: a collaborative meta-analysis. Lancet. 2010;375(9731):2073-2081.,20483451,69405-9,VERIFIED,CPT:80048; HCPCS:80048; LOINC:69405-9; NHANES:EGFR,ErbB Receptors,D066246
238,kidney-injury-molecule-1,Kidney Injury Molecule-1 (KIM-1),Renal & Purine,lower_better,"Kwon SH, Yoon SB, Chun J, Kim JH, Kwak Y, Lee K, Choi Y. Assay validation for KIM-1: human urinary renal dysfunction biomarker. Int J Biol Sci. 2009;5(2):128-133.",19173034,2948,Y,"O'Seaghdha CM, Hwang SJ, Larson MG, Meigs JB, Vasan RS, Fox CS. Analysis of a urinary biomarker panel for incident kidney disease and clinical outcomes. J Am Soc Nephrol. 2013;24(11):1880-1888.",23990678,,,,,
240,ngal,Neutrophil Gelatinase-Associated Lipocalin (NGAL),Renal & Purine,lower_better,"Bourgonje AR, Abdulle AE, Bourgonje MF, Kieneker LM, la Bastide-van Gemert S, Gordijn SJ, Hidden C, Nilsen T, Gansevoort RT, Mulder DJ, Dullaart RPF, de Borst MH, Bakker SJL, van Goor H. Plasma Neutrophil Gelatinase-Associated Lipocalin Associates with New-Onset Chronic Kidney Disease in the General Population. Biomolecules. 2023;13(2):338.",36830706,1393,N,"Daniels LB, Barrett-Connor E, Clopton P, Laughlin GA, Ix JH, Maisel AS. Plasma neutrophil gelatinase-associated lipocalin is independently associated with cardiovascular disease and mortality in community-dwelling older adults: The Rancho Bernardo Study. J Am Coll Cardiol. 2012;59(12):1101-1109.",22421304,74103-3,VERIFIED,LOINC:74103-3,Lipocalin-2,2016374
242,renal-artery-calcification,Renal Artery Calcification,Renal & Purine,lower_better,"No single population reference study was located for this marker's distribution during this catalog's ingestion; mean/SD are a coarse approximation from general clinical-range literature (see the biomarker's own `notes` field for what was consulted), not a specific cited study.",approximated,4450,Y,"Rifkin DE, Ix JH, Wassel CL, Criqui MH, Allison MA. Renal artery calcification and mortality among clinically asymptomatic adults. J Am Coll Cardiol. 2012;60(12):1079-1085.",22939556,,,,,
8,serum_creatinine,Serum Creatinine,Renal & Purine,u_shaped,"National Center for Health Statistics. National Health and Nutrition Examination Survey: 2017-2018 laboratory data. Hyattsville, MD: Centers for Disease Control and Prevention; 2020.",CDC-NHANES-2017-2018,8150,N,"Astor BC, et al. Association of kidney function measures with mortality and end-stage renal disease in individuals with and without hypertension: a meta-analysis. Lancet. 2011;377(9765):577-584.",21277626,2160-0,VERIFIED,LOINC:2160-0; NHANES:LBXSCR,Creatinine,D003404
10,cystatin_c,Serum Cystatin C,Renal & Purine,lower_better,"National Center for Health Statistics. National Health and Nutrition Examination Survey: 2017-2018 laboratory data. Hyattsville, MD: Centers for Disease Control and Prevention; 2020.",CDC-NHANES-2017-2018,5800,N,"Shlipak MG, et al. Cystatin C versus creatinine in determining risk based on kidney function. N Engl J Med. 2013;369(10):932-943.",24004119,33863-2,VERIFIED,LOINC:33863-2; NHANES:LBXCYS,Cystatin C,D055316
12,serum_uric_acid,Serum Uric Acid,Renal & Purine,lower_better,"National Center for Health Statistics. National Health and Nutrition Examination Survey: 2017-2018 laboratory data. Hyattsville, MD: Centers for Disease Control and Prevention; 2020.",CDC-NHANES-2017-2018,8150,N,"Bleys J, et al. Serum uric acid and cardiovascular and all-cause mortality: a prospective study in NHANES III. Arch Intern Med. 2007;167(4):404-410.; Cho SK, et al. U-shaped association between serum uric acid and all-cause mortality in Korean adults. Korean J Intern Med. 2018;33(5):984-992.",17325303; 29871508,3084-1,VERIFIED,LOINC:3084-1; NHANES:LBXSUA,Uric Acid,D014527
226,symmetric-dimethylarginine,Symmetric Dimethylarginine (SDMA),Renal & Purine,lower_better,"Framingham Offspring Cohort SDMA reference limits: mean 0.38 +/- 0.08 umol/L (median 0.37, IQR 0.32-0.43) in 840 relatively healthy adults.",22232476,3952,N,"Schwedhelm E, Wallaschofski H, Atzler D, Dorr M, Nauck M, Volker U, Kroemer HK, Volzke H, Boger RH, Friedrich N. Incidence of all-cause and cardiovascular mortality predicted by symmetric dimethylarginine in the population-based study of health in Pomerania. PLoS One. 2014;9(5):e97180.",24819070,,,,,
181,proteinuria,Proteinuria (Dipstick),Urine Biomarkers,higher_better,"Peto MV, et al. MortalityPredictors.org: a manually-curated database of published results from longitudinal studies of mortality risk factors. Aging (Albany NY). 2017;9(9):1965-1983.",28858850,7900,N,"Peto MV, et al. MortalityPredictors.org: a manually-curated database of published results from longitudinal studies of mortality risk factors. Aging (Albany NY). 2017;9(9):1965-1983.",28858850,,,,Proteinuria,D011507
47,urine_creatinine,Urinary Creatinine Concentration,Urine Biomarkers,higher_better,"National Center for Health Statistics. National Health and Nutrition Examination Survey: 2017-2018 laboratory data. Hyattsville, MD: Centers for Disease Control and Prevention; 2020.",CDC-NHANES-2017-2018,7800,N,"He J, et al. 24-Hour urinary creatinine excretion and risk of all-cause and cardiovascular mortality in the chronic renal insufficiency cohort. Am J Kidney Dis. 2014;63(4):618-626.",24332906,2161-8,VERIFIED,LOINC:2161-8; NHANES:URXUCR,,
49,urine_flow_rate,Urinary Flow Rate,Urine Biomarkers,u_shaped,"National Center for Health Statistics. National Health and Nutrition Examination Survey: 2017-2018 laboratory data. Hyattsville, MD: Centers for Disease Control and Prevention; 2020.",CDC-NHANES-2017-2018,7500,N,"Sontrop JM, et al. Association between volume of urine output and mortality in community-dwelling adults. Clin J Am Soc Nephrol. 2013;8(11):1948-1956.",23970138,,,NHANES:URDFLOW1,,
46,urine_albumin_creatinine_ratio,Urine Albumin-to-Creatinine Ratio (uACR),Urine Biomarkers,lower_better,"National Center for Health Statistics. National Health and Nutrition Examination Survey: 2017-2018 laboratory data. Hyattsville, MD: Centers for Disease Control and Prevention; 2020.",CDC-NHANES-2017-2018,7800,N,Chronic Kidney Disease Prognosis Consortium. Association of estimated glomerular filtration rate and albuminuria with all-cause and cardiovascular mortality in general population cohorts: a collaborative meta-analysis. Lancet. 2010;375(9731):2073-2081.,20483451,32294-1,VERIFIED,LOINC:32294-1; NHANES:URDACT,,
48,urine_specific_gravity,Urine Specific Gravity,Urine Biomarkers,u_shaped,"National Center for Health Statistics. National Health and Nutrition Examination Survey: 2017-2018 laboratory data. Hyattsville, MD: Centers for Disease Control and Prevention; 2020.",CDC-NHANES-2017-2018,7750,N,"Perrier ET, et al. Relation of spot urine specific gravity and hydration status to all-cause mortality in US adults: NHANES analysis. Eur J Clin Nutr. 2017;71(12):1428-1433.",28853438,,,NHANES:URXUSG,Specific Gravity,D013046
96,adiponectin,Adiponectin,Vitamins & Endocrine,higher_better,MISMATCHED PROVENANCE (pre-existing DB defect: source_id defaults to an unrelated CRP paper) - not a real citation for this distribution,,5200,N,"Scarale MG, Fontana A, Trischitta V, Copetti M, Menzaghi C. Circulating Adiponectin Levels Are Paradoxically Associated With Mortality Rate: A Systematic Review and Meta-Analysis. Journal of Clinical Endocrinology & Metabolism. 2019;104(5):1357-1368.",30388239,47828-9,VERIFIED,LOINC:47828-9,Adiponectin,D052242
95,c-peptide,C-peptide,Vitamins & Endocrine,u_shaped,MISMATCHED PROVENANCE (pre-existing DB defect: source_id defaults to an unrelated CRP paper) - not a real citation for this distribution,,4200,N,"Min JY, Min KB. Serum C-peptide levels and risk of death among adults without diabetes mellitus. CMAJ (Canadian Medical Association Journal). 2013;185(9):E402-E408.",23566982,1986-9,VERIFIED,LOINC:1986-9,C-Peptide,D002096
65,dhea-s,Dehydroepiandrosterone Sulfate (DHEA-S),Vitamins & Endocrine,higher_better,"National Center for Health Statistics. National Health and Nutrition Examination Survey: 2017-2018 laboratory data. Hyattsville, MD: Centers for Disease Control and Prevention; 2020.",CDC-NHANES-2017-2018,7800,N,Association between dehydroepiandrosterone sulfate and mortality in middle-aged and older men and women-A J-shaped relationship. Journal of Clinical Endocrinology & Metabolism. 2023;108(6):e313-e323 (EPIC-Heidelberg cohort).,36477484,2191-5,VERIFIED,LOINC:2191-5,Dehydroepiandrosterone Sulfate,D019314
211,estradiol-shbg-ratio,Estradiol-to-SHBG Ratio,Vitamins & Endocrine,higher_better,"Menke A, Guallar E, Rohrmann S, Nelson WG, Rifai N, Kanarek N, Feinleib M, Michos ED, Dobs A, Platz EA. Sex steroid hormone concentrations and risk of death in US men. Am J Epidemiol. 2010;171(5):583-592.",20083549,1967,N,"Menke A, Guallar E, Rohrmann S, Nelson WG, Rifai N, Kanarek N, Feinleib M, Michos ED, Dobs A, Platz EA. Sex steroid hormone concentrations and risk of death in US men. Am J Epidemiol. 2010;171(5):583-592.",20083549,,,,,
62,free-t3,Free Triiodothyronine (Free T3),Vitamins & Endocrine,u_shaped,"National Center for Health Statistics. National Health and Nutrition Examination Survey: 2017-2018 laboratory data. Hyattsville, MD: Centers for Disease Control and Prevention; 2020.",CDC-NHANES-2017-2018,7800,N,"Lang X, Li Y, Zhang D, Zhang Y, Wu N, Zhang Y. FT3/FT4 ratio is correlated with all-cause mortality, cardiovascular mortality, and cardiovascular disease risk: NHANES 2007-2012. Frontiers in Endocrinology. 2022;13:964822.",10.3389/fendo.2022.964822,3051-0,VERIFIED,LOINC:3051-0; NHANES:LBXFT3,,
64,igf-1,Insulin-like Growth Factor 1 (IGF-1),Vitamins & Endocrine,u_shaped,"National Center for Health Statistics. National Health and Nutrition Examination Survey: 2017-2018 laboratory data. Hyattsville, MD: Centers for Disease Control and Prevention; 2020.",CDC-NHANES-2017-2018,5200,N,"Rahmani J, Montesanto A, Giovannucci E, et al. Association between IGF-1 levels ranges and all-cause mortality: A meta-analysis. Aging Cell. 2022;21(2):e13540.",35048526,2484-4,VERIFIED,LOINC:2484-4,Insulin-Like Growth Factor I,D007334
50,serum_25_hydroxyvitamin_d,Serum 25-Hydroxyvitamin D,Vitamins & Endocrine,higher_better,"National Center for Health Statistics. National Health and Nutrition Examination Survey: 2017-2018 laboratory data. Hyattsville, MD: Centers for Disease Control and Prevention; 2020.",CDC-NHANES-2017-2018,8100,N,"Garland CF, et al. Meta-analysis of all-cause mortality according to serum 25-hydroxyvitamin D. Am J Public Health. 2014;104(8):e43-e50.",24922127,1989-3,VERIFIED,CPT:82306; HCPCS:82306; LOINC:1989-3; NHANES:LBXVIDMS,Calcifediol,D002112
94,cortisol,Serum Cortisol,Vitamins & Endocrine,u_shaped,"National Center for Health Statistics. National Health and Nutrition Examination Survey: 2017-2018 laboratory data. Hyattsville, MD: Centers for Disease Control and Prevention; 2020.",CDC-NHANES-2017-2018,7800,N,"Kumari M, Shipley M, Stafford M, Kivimaki M. Association of diurnal patterns in salivary cortisol with all-cause and cardiovascular mortality: findings from the Whitehall II study. Journal of Clinical Endocrinology & Metabolism. 2011;96(5):1478-1485.",21346074,2143-6,VERIFIED,LOINC:2143-6,Hydrocortisone,D006854
69,folate,Serum Folate,Vitamins & Endocrine,higher_better,"National Center for Health Statistics. National Health and Nutrition Examination Survey: 2017-2018 laboratory data. Hyattsville, MD: Centers for Disease Control and Prevention; 2020.",CDC-NHANES-2017-2018,7800,N,"Zhao Y, Lv J, Liu Y, Hu H, Zhan H. Association between serum folate concentrations and all-cause mortality in U.S. adults: a cohort study based on National Health and Nutrition Examination Survey III. Frontiers in Nutrition. 2024.",39055385,2284-8,VERIFIED,LOINC:2284-8; NHANES:LBXFOL,Folic Acid,D005492
227,testosterone-shbg-ratio,Testosterone-to-SHBG Ratio,Vitamins & Endocrine,higher_better,"Menke A, Guallar E, Rohrmann S, Nelson WG, Rifai N, Kanarek N, Feinleib M, Michos ED, Dobs A, Platz EA. Sex steroid hormone concentrations and risk of death in US men. Am J Epidemiol. 2010;171(5):583-592.",20083549,1967,N,"Menke A, Guallar E, Rohrmann S, Nelson WG, Rifai N, Kanarek N, Feinleib M, Michos ED, Dobs A, Platz EA. Sex steroid hormone concentrations and risk of death in US men. Am J Epidemiol. 2010;171(5):583-592.",20083549,,,,,
63,tsh,Thyroid-Stimulating Hormone (TSH),Vitamins & Endocrine,u_shaped,"National Center for Health Statistics. National Health and Nutrition Examination Survey: 2017-2018 laboratory data. Hyattsville, MD: Centers for Disease Control and Prevention; 2020.",CDC-NHANES-2017-2018,7800,N,Thyroid Hormones and Electrocardiographic Parameters: Findings from the Third National Health and Nutrition Examination Survey,23620058,3016-3,VERIFIED,LOINC:3016-3,Thyrotropin,D013972
93,testosterone,Total Testosterone,Vitamins & Endocrine,higher_better,"National Center for Health Statistics. National Health and Nutrition Examination Survey: 2017-2018 laboratory data. Hyattsville, MD: Centers for Disease Control and Prevention; 2020.",CDC-NHANES-2017-2018,5200,N,"Raeisi-Dehkordi H, Amiri M, Beigrezaei S, Quezada-Pinedo HG, Khatami F, Alijla F, Steur M, Chatelan A, Voortman T, van der Schouw YT, Franco OH, Muka T. Endogenous Sex Steroid Hormones, Sex Hormone-Binding Globulin, and Risk of All-Cause and Cause-Specific Mortality: A Systematic Review and Dose-Response Meta-Analysis of Prospective Cohort Studies. Journal of Clinical Endocrinology & Metabolism. 2025;110(9):e3131-e3149.",10.1210/clinem/dgaf262,2986-8,VERIFIED,LOINC:2986-8,Testosterone,D013739
70,vitamin-b12,Vitamin B12 (Cobalamin),Vitamins & Endocrine,higher_better,"National Center for Health Statistics. National Health and Nutrition Examination Survey: 2017-2018 laboratory data. Hyattsville, MD: Centers for Disease Control and Prevention; 2020.",CDC-NHANES-2017-2018,7800,N,"Xu K, Liu X, Liu J, Zhang Y, Ding X, Li L, Sun J. Association between serum vitamin B12 and risk of all-cause mortality in elderly adults: a prospective cohort study. BMC Geriatrics. 2021.",34530742,2132-9,VERIFIED,LOINC:2132-9; NHANES:LBXB12,Vitamin B 12,D014805
252,vitamin-e,Vitamin E (Alpha-Tocopherol),Vitamins & Endocrine,higher_better,"McBurney MI, Yu EA, Ciappio ED, Bird JK, Eggersdorfer M, Mehta S. Suboptimal Serum alpha-Tocopherol Concentrations Observed among Younger Adults and Those Depending Exclusively upon Food Sources, NHANES 2003-2006. PLoS One. 2015;10(8):e0135510.",26287975,29092,Y,"Huang J, Weinstein SJ, Yu K, Mannisto S, Albanes D. Relationship Between Serum Alpha-Tocopherol and Overall and Cause-Specific Mortality. Circ Res. 2019;125(1):29-40.",31219752,,,,Vitamin E,D014810
