source_index,target_index,weight
157,697,0.726
157,769,0.709
157,212,0.749
157,208,0.988
157,207,0.814
157,209,0.85
157,185,0.999
367,335,0.716
367,334,0.928
367,23,0.867
367,588,0.919
367,243,0.747
367,415,0.946
367,81,0.715
367,369,0.998
367,422,0.768
367,368,0.904
367,363,0.887
367,32,0.721
367,283,0.926
933,798,0.999
184,208,0.939
184,654,0.769
184,103,0.911
375,189,0.834
375,365,0.933
375,384,0.839
375,42,0.852
375,451,0.921
375,364,0.989
375,319,0.725
375,695,0.98
375,320,0.822
375,240,0.879
375,299,0.999
375,376,0.999
375,605,0.737
375,524,0.948
375,205,0.9
375,86,0.971
375,383,0.975
375,8,0.741
375,461,0.731
375,249,0.893
375,69,0.782
375,110,0.722
375,382,0.991
174,379,0.795
174,540,0.913
174,9,0.776
174,415,0.865
174,659,0.973
174,432,0.973
174,309,0.957
174,312,0.955
174,129,0.922
174,330,0.926
174,283,0.747
174,175,0.902
174,176,0.932
174,177,0.939
174,471,0.95
645,766,0.739
645,21,0.893
214,213,0.814
192,21,0.855
192,916,0.78
192,3,0.94
192,395,0.916
192,116,0.713
192,665,0.91
192,145,0.902
192,4,0.918
192,648,0.907
585,402,0.874
585,895,0.907
585,593,0.904
585,451,0.783
585,346,0.884
585,231,0.703
585,96,0.717
585,520,0.999
585,201,0.904
585,249,0.918
585,222,0.998
585,11,0.97
585,55,0.804
585,457,0.719
585,269,0.999
585,137,0.781
824,832,0.797
824,145,0.772
824,891,0.714
824,41,0.772
824,55,0.784
420,771,0.726
336,252,0.737
336,520,0.884
289,145,0.857
289,34,0.981
289,4,0.959
289,200,0.94
289,832,0.827
289,3,0.914
542,551,0.735
542,70,0.755
542,483,0.788
542,84,0.91
542,44,0.906
542,290,0.91
754,451,0.99
754,31,0.9
754,22,0.916
116,145,0.752
116,478,0.999
116,192,0.713
116,211,0.703
116,295,0.911
116,854,0.908
116,323,0.901
116,397,0.863
335,252,0.773
335,72,0.879
335,473,0.967
335,81,0.841
335,415,0.923
335,11,0.733
335,251,0.945
335,547,0.92
335,659,0.779
335,82,0.908
335,479,0.758
335,499,0.899
335,262,0.914
335,293,0.941
335,176,0.729
335,266,0.9
335,237,0.908
335,367,0.716
335,123,0.709
335,159,0.887
335,73,0.943
335,177,0.731
335,350,0.822
335,491,0.9
335,162,0.922
335,231,0.903
335,368,0.714
335,416,0.936
335,93,0.918
335,124,0.725
335,451,0.858
263,111,0.932
263,69,0.951
263,252,0.998
263,299,0.853
263,60,0.946
263,451,0.901
263,537,0.859
254,451,0.744
254,167,0.71
254,471,0.98
465,873,0.903
465,576,0.737
465,647,0.96
465,387,0.8
465,581,0.9
465,463,0.957
465,195,0.992
465,388,0.822
465,560,0.8
465,170,0.938
465,400,0.907
465,430,0.846
465,680,0.931
465,572,0.983
465,723,0.998
201,457,0.739
201,349,0.754
201,52,0.762
201,159,0.949
201,277,0.787
201,55,0.892
201,11,0.799
201,421,0.903
201,585,0.904
201,96,0.822
201,231,0.967
201,37,0.99
201,854,0.716
201,417,0.714
201,269,0.991
201,93,0.948
201,223,0.767
924,25,0.968
320,605,0.725
320,376,0.946
320,498,0.845
320,524,0.86
320,437,0.736
320,486,0.999
320,240,0.918
320,299,0.888
320,695,0.927
320,69,0.857
320,382,0.881
320,706,0.913
320,461,0.703
320,249,0.998
320,608,0.742
320,910,0.796
320,59,0.844
320,86,0.836
320,375,0.822
320,383,0.798
320,537,0.779
320,44,0.827
320,613,0.772
320,450,0.877
320,42,0.954
320,586,0.76
320,75,0.939
320,189,0.727
320,287,0.969
320,365,0.941
320,384,0.774
360,301,0.829
360,10,0.992
360,306,0.963
360,303,0.981
360,305,0.959
360,304,0.796
842,29,0.998
842,329,0.788
842,654,0.9
842,658,0.705
842,801,0.9
188,187,0.907
188,150,0.986
559,722,0.77
135,134,0.992
135,387,0.905
135,804,0.722
135,388,0.724
135,859,0.72
296,5,0.951
272,341,0.937
272,65,0.976
272,100,0.876
272,344,0.93
272,262,0.965
272,309,0.931
272,417,0.706
272,223,0.882
272,152,0.905
272,330,0.819
272,18,0.772
272,447,0.84
272,343,0.917
272,52,0.748
272,349,0.795
272,342,0.932
272,540,0.903
272,271,0.985
272,558,0.902
272,415,0.977
272,674,0.877
272,11,0.841
272,222,0.999
272,231,0.981
272,274,0.871
272,213,0.744
272,419,0.936
272,520,0.932
272,396,0.709
272,208,0.774
272,451,0.925
272,346,0.918
272,565,0.775
272,416,0.732
272,167,0.755
272,345,0.918
272,348,0.913
272,179,0.893
272,427,0.955
272,273,0.983
272,389,0.933
272,374,0.997
272,347,0.914
272,402,0.993
272,331,0.945
348,345,0.906
348,71,0.904
348,343,0.949
348,974,0.9
348,342,0.989
348,829,0.902
348,272,0.913
348,347,0.994
348,32,0.902
348,532,0.748
348,558,0.884
348,341,0.977
348,344,0.942
348,172,0.901
348,346,0.902
348,287,0.902
419,543,0.994
419,613,0.976
419,70,0.999
419,86,0.839
419,313,0.999
419,60,0.988
419,18,0.732
419,330,0.932
419,62,0.779
419,293,0.919
419,686,0.965
419,262,0.931
419,72,0.968
419,486,0.927
419,261,0.844
419,596,0.81
419,71,0.767
419,19,0.998
419,608,0.821
419,11,0.939
419,693,0.99
419,249,0.749
419,69,0.982
419,371,0.925
419,599,0.875
419,48,0.777
419,44,0.965
419,537,0.995
419,59,0.987
419,84,0.964
419,837,0.97
419,451,0.999
419,586,0.929
419,604,0.892
419,226,0.916
419,450,0.975
419,42,0.989
419,299,0.757
419,272,0.936
419,829,0.813
419,402,0.731
419,111,0.965
261,837,0.703
261,586,0.84
261,450,0.765
261,44,0.726
261,440,0.948
261,419,0.844
261,537,0.98
261,59,0.977
261,32,0.764
261,313,0.978
261,60,0.984
261,62,0.783
261,75,0.983
261,686,0.717
261,543,0.758
261,70,0.804
261,19,0.817
261,693,0.842
261,69,0.826
261,439,0.94
261,523,0.948
261,71,0.747
454,165,0.838
909,11,0.944
909,714,0.744
909,934,0.973
909,520,0.871
909,245,0.871
346,32,0.929
346,347,0.839
346,829,0.906
346,272,0.918
346,348,0.902
346,345,0.974
346,287,0.912
346,451,0.742
346,948,0.775
346,558,0.828
346,372,0.961
346,532,0.943
346,342,0.887
346,974,0.9
346,71,0.904
346,343,0.997
346,76,0.991
346,172,0.904
346,344,0.997
346,341,0.879
346,585,0.884
673,228,0.977
673,131,0.968
257,256,0.921
257,129,0.919
257,195,0.754
257,223,0.776
257,417,0.975
257,131,0.707
257,396,0.706
257,92,0.769
257,220,0.956
257,412,0.702
257,415,0.96
257,236,0.916
257,11,0.772
257,66,0.877
257,292,0.729
257,32,0.725
257,91,0.967
257,444,0.999
257,140,0.93
699,363,0.731
772,311,0.797
772,638,0.898
629,195,0.81
629,458,0.844
629,262,0.903
629,185,0.92
629,344,0.855
629,209,0.999
629,207,0.974
629,408,0.978
629,143,0.994
629,11,0.823
629,2,0.767
629,561,0.988
629,131,0.883
629,451,0.966
629,604,0.807
629,208,0.999
629,245,0.948
629,520,0.736
629,212,0.895
629,845,0.706
97,162,0.981
97,354,0.827
97,130,0.945
97,350,0.939
97,131,0.981
97,95,0.918
97,353,0.881
97,400,0.888
97,244,0.93
97,66,0.796
97,352,0.702
97,23,0.949
97,358,0.999
97,309,0.916
97,417,0.738
97,198,0.915
97,545,0.9
97,616,0.743
97,371,0.943
97,260,0.738
97,415,0.992
97,49,0.909
165,454,0.838
165,706,0.9
113,128,0.759
113,193,0.739
862,321,0.929
862,950,0.998
862,322,0.917
128,891,0.977
128,193,0.887
128,145,0.716
128,55,0.945
128,216,0.9
128,113,0.759
128,395,0.973
374,65,0.988
374,274,0.954
374,149,0.82
374,273,0.824
374,272,0.997
374,222,0.826
374,271,0.999
321,63,0.931
321,149,0.903
321,154,0.9
321,258,0.971
321,862,0.929
321,761,0.9
321,871,0.832
321,562,0.787
321,433,0.974
321,508,0.907
321,322,0.999
321,78,0.926
321,191,0.979
321,190,0.964
321,430,0.973
873,310,0.735
873,465,0.903
421,407,0.999
421,177,0.904
421,424,0.968
421,973,0.97
421,423,0.999
421,176,0.904
421,656,0.941
421,362,0.766
421,422,0.927
421,544,0.914
421,502,0.933
421,201,0.903
421,209,0.775
292,257,0.729
292,129,0.705
292,213,0.718
292,245,0.971
292,396,0.762
292,230,0.923
526,91,0.791
526,92,0.772
384,320,0.774
384,78,0.735
384,486,0.783
384,240,0.726
384,299,0.975
384,376,0.84
384,605,0.726
384,322,0.786
384,524,0.761
384,249,0.807
384,695,0.768
384,110,0.741
384,382,0.999
384,504,0.754
384,375,0.839
384,86,0.818
384,383,0.999
384,258,0.77
384,8,0.709
384,287,0.875
384,189,0.937
384,75,0.847
384,458,0.721
384,365,0.942
384,63,0.773
384,771,0.758
384,42,0.863
384,451,0.949
384,364,0.781
826,854,0.733
826,85,0.747
826,511,0.982
826,117,0.995
826,357,0.908
826,591,0.8
826,611,0.998
826,662,0.732
826,462,0.844
253,219,0.75
253,183,0.728
656,551,0.775
656,965,0.762
656,421,0.941
656,422,0.971
656,798,0.822
656,779,0.901
656,89,0.915
656,713,0.711
656,407,0.963
45,6,0.723
45,31,0.72
45,462,0.9
45,33,0.72
652,260,0.926
396,65,0.796
396,213,0.874
396,354,0.724
396,943,0.831
396,257,0.706
396,231,0.968
396,447,0.829
396,167,0.721
396,471,0.921
396,256,0.705
396,223,0.993
396,417,0.889
396,186,0.984
396,272,0.709
396,349,0.774
396,159,0.953
396,324,0.709
396,292,0.762
91,525,0.946
91,257,0.967
91,372,0.907
91,167,0.711
91,412,0.72
91,92,0.81
91,350,0.71
91,245,0.756
91,66,0.829
91,642,0.9
91,526,0.791
91,230,0.754
123,334,0.824
123,335,0.709
123,351,0.735
803,281,0.937
14,167,0.97
14,302,0.905
14,301,0.974
14,13,0.977
14,832,0.912
14,196,0.808
14,23,0.941
830,466,0.878
830,416,0.745
830,934,0.908
830,525,0.901
830,359,0.913
830,662,0.735
463,723,0.924
463,465,0.957
463,893,0.706
463,655,0.71
463,27,0.799
32,130,0.727
32,136,0.933
32,440,0.945
32,409,0.965
32,79,0.999
32,960,0.905
32,481,0.733
32,231,0.982
32,59,0.816
32,167,0.818
32,2,0.949
32,93,0.959
32,127,0.97
32,416,0.895
32,346,0.929
32,451,0.911
32,131,0.864
32,42,0.985
32,63,0.958
32,244,0.925
32,404,0.809
32,299,0.984
32,367,0.721
32,485,0.769
32,78,0.955
32,611,0.717
32,159,0.987
32,348,0.902
32,345,0.9
32,158,0.962
32,402,0.924
32,418,0.959
32,489,0.927
32,347,0.902
32,61,0.905
32,111,0.953
32,344,0.903
32,83,0.929
32,77,0.999
32,446,0.927
32,426,0.925
32,209,0.986
32,341,0.904
32,258,0.909
32,257,0.725
32,119,0.782
32,60,0.937
32,279,0.774
32,195,0.967
32,75,0.999
32,968,0.907
32,169,0.946
32,417,0.995
32,76,0.999
32,262,0.991
32,261,0.764
32,342,0.904
32,523,0.928
32,52,0.865
32,81,0.997
32,71,0.971
32,343,0.904
32,11,0.872
32,19,0.959
32,143,0.885
32,538,0.8
32,415,0.983
32,80,0.999
32,558,0.9
32,372,0.998
32,69,0.992
932,742,0.852
478,116,0.999
478,323,0.909
478,397,0.745
580,386,0.993
80,237,0.976
80,437,0.936
80,244,0.938
80,523,0.994
80,78,0.952
80,179,0.922
80,81,0.905
80,71,0.856
80,538,0.994
80,255,0.951
80,11,0.996
80,372,0.965
80,402,0.973
80,693,0.919
80,158,0.983
80,415,0.959
80,110,0.913
80,32,0.999
80,69,0.977
80,61,0.994
80,245,0.94
80,77,0.998
80,23,0.998
80,79,0.948
80,440,0.923
80,59,0.999
80,258,0.903
80,60,0.922
80,2,0.949
80,287,0.91
80,75,0.999
80,127,0.953
80,76,0.999
80,451,0.953
80,262,0.807
80,63,0.94
167,272,0.755
167,91,0.711
167,462,0.937
167,254,0.71
167,920,0.731
167,66,0.712
167,32,0.818
167,277,0.707
167,380,0.987
167,396,0.721
167,208,0.799
167,130,0.787
167,854,0.825
167,231,0.768
167,79,0.752
167,213,0.753
167,354,0.716
167,409,0.739
167,141,0.996
167,21,0.98
167,397,0.725
167,131,0.955
167,451,0.901
167,430,0.81
167,506,0.741
167,457,0.788
167,52,0.883
167,143,0.782
167,324,0.716
167,11,0.913
167,615,0.796
167,302,0.915
167,14,0.97
167,55,0.759
167,204,0.859
167,207,0.731
167,408,0.952
167,8,0.721
167,209,0.958
167,75,0.705
167,223,0.837
167,195,0.718
167,211,0.876
167,60,0.798
167,18,0.897
167,447,0.732
167,832,0.832
167,13,0.997
167,262,0.834
167,417,0.761
829,348,0.902
829,343,0.903
829,345,0.9
829,81,0.855
829,342,0.901
829,299,0.943
829,404,0.944
829,486,0.936
829,347,0.902
829,69,0.985
829,693,0.835
829,249,0.949
829,558,0.9
829,341,0.901
829,70,0.933
829,59,0.957
829,86,0.879
829,419,0.813
829,79,0.853
829,537,0.918
829,344,0.907
829,346,0.906
829,287,0.901
829,75,0.917
829,60,0.925
692,401,0.804
402,287,0.938
402,866,0.986
402,947,0.996
402,245,0.839
402,79,0.968
402,419,0.731
402,59,0.991
402,84,0.796
402,32,0.924
402,733,0.883
402,61,0.738
402,273,0.71
402,272,0.993
402,485,0.726
402,727,0.966
402,75,0.99
402,62,0.999
402,279,0.78
402,76,0.821
402,262,0.957
402,775,0.997
402,77,0.822
402,172,0.926
402,585,0.874
402,70,0.872
402,98,0.753
402,538,0.81
402,222,0.764
402,80,0.973
402,271,0.735
402,523,0.725
402,71,0.931
185,251,0.923
185,405,0.98
185,122,0.704
185,417,0.992
185,309,0.922
185,330,0.919
185,195,0.883
185,629,0.92
185,82,0.985
185,209,0.858
185,207,0.91
185,334,0.913
185,482,0.868
185,158,0.782
185,418,0.979
185,107,0.756
185,179,0.929
185,159,0.973
185,517,0.907
185,404,0.998
185,604,0.969
185,131,0.788
185,451,0.979
185,194,0.981
185,93,0.907
185,416,0.796
185,132,0.843
185,481,0.984
185,231,0.998
185,208,0.993
185,157,0.999
185,245,0.963
205,416,0.906
205,279,0.985
205,417,0.947
205,364,0.9
205,500,0.904
205,86,0.9
205,375,0.9
205,383,0.9
205,8,0.926
205,446,0.992
205,372,0.914
205,695,0.9
205,382,0.9
205,376,0.9
205,606,0.9
654,658,0.999
654,380,0.971
654,801,0.853
654,842,0.9
654,184,0.769
654,29,0.9
491,73,0.967
491,415,0.933
491,363,0.714
491,898,0.854
491,266,0.979
491,140,0.947
491,971,0.961
491,632,0.864
491,330,0.9
491,335,0.9
491,293,0.995
491,87,0.74
491,131,0.986
491,56,0.712
491,226,0.996
491,218,0.942
491,350,0.947
491,358,0.941
491,162,0.929
215,372,0.963
215,270,0.721
618,682,0.975
618,545,0.786
618,697,0.919
618,755,0.879
618,742,0.854
618,670,0.831
618,732,0.893
618,112,0.891
618,286,0.748
618,867,0.839
618,728,0.901
618,743,0.963
618,876,0.939
618,102,0.882
189,42,0.961
189,451,0.865
189,364,0.72
189,365,0.793
189,384,0.937
189,535,0.945
189,483,0.856
189,695,0.73
189,320,0.727
189,240,0.927
189,452,0.706
189,299,0.997
189,86,0.869
189,375,0.834
189,383,0.962
189,475,0.702
189,704,0.817
189,382,0.986
189,249,0.836
189,608,0.799
413,277,0.805
413,57,0.973
413,294,0.778
379,175,0.82
379,174,0.795
503,269,0.928
503,159,0.9
503,231,0.917
503,93,0.901
103,184,0.911
103,198,0.903
103,219,0.978
103,481,0.918
103,35,0.911
103,104,0.939
103,21,0.806
560,465,0.8
560,430,0.919
560,190,0.961
948,344,0.851
948,343,0.776
948,346,0.775
441,400,0.913
441,777,0.928
441,485,0.926
441,230,0.707
441,442,0.999
441,107,0.906
441,159,0.929
441,180,0.925
441,245,0.973
441,231,0.934
132,451,0.986
132,194,0.798
132,416,0.947
132,93,0.972
132,267,0.923
132,231,0.969
132,159,0.999
132,517,0.919
132,262,0.746
132,149,0.909
132,341,0.91
132,479,0.877
132,761,0.755
132,624,0.938
132,185,0.843
132,616,0.718
132,324,0.86
132,26,0.711
124,335,0.725
124,334,0.907
124,125,0.919
620,264,0.704
620,358,0.903
620,230,0.81
431,81,0.945
431,372,0.714
55,52,0.779
55,349,0.721
55,457,0.899
55,28,0.85
55,395,0.994
55,11,0.972
55,201,0.892
55,173,0.786
55,585,0.804
55,3,0.829
55,269,0.812
55,259,0.718
55,223,0.734
55,891,0.947
55,41,0.709
55,824,0.784
55,216,0.926
55,277,0.746
55,128,0.945
55,158,0.982
55,208,0.722
55,854,0.915
55,167,0.759
187,188,0.907
187,7,0.729
410,451,0.71
410,149,0.908
38,279,0.743
38,245,0.809
38,409,0.843
38,168,0.714
38,777,0.954
943,60,0.912
943,450,0.908
943,396,0.831
943,208,0.903
943,887,0.999
943,207,0.901
943,537,0.908
943,570,0.983
943,209,0.903
943,494,0.961
943,285,0.971
943,69,0.921
943,769,0.953
943,675,0.908
391,475,0.837
72,313,0.967
72,60,0.99
72,75,0.999
72,335,0.879
72,76,0.731
72,704,0.888
72,543,0.709
72,77,0.708
72,547,0.949
72,70,0.769
72,86,0.991
72,538,0.734
72,69,0.998
72,523,0.945
72,71,0.907
72,586,0.715
72,419,0.968
72,537,0.985
72,59,0.978
72,179,0.98
72,517,0.927
615,854,0.867
615,208,0.732
615,397,0.918
615,167,0.796
615,211,0.986
615,148,0.814
310,451,0.984
310,262,0.99
310,60,0.948
310,313,0.793
310,873,0.735
310,245,0.769
310,327,0.903
310,69,0.967
310,331,0.906
310,179,0.91
310,485,0.936
866,402,0.986
972,516,0.944
972,54,0.907
972,447,0.999
972,18,0.917
972,565,0.853
972,222,0.776
210,52,0.782
210,473,0.981
210,11,0.995
210,209,0.972
210,134,0.941
210,207,0.964
210,408,0.844
210,547,0.998
210,417,0.777
210,499,0.992
210,107,0.996
210,22,0.924
210,212,0.826
210,331,0.797
210,854,0.993
210,208,0.944
210,131,0.831
210,451,0.962
210,561,0.889
353,131,0.984
353,245,0.903
353,350,0.798
353,130,0.921
353,352,0.935
353,151,0.806
353,400,0.997
353,358,0.997
353,300,0.9
353,97,0.881
353,143,0.962
353,144,0.926
363,367,0.887
363,427,0.846
363,699,0.731
363,73,0.918
363,443,0.972
363,331,0.91
363,151,0.896
363,898,0.809
363,368,0.857
363,491,0.714
363,162,0.898
363,487,0.73
363,2,0.897
363,514,0.981
363,102,0.896
363,640,0.967
363,669,0.892
363,24,0.724
363,369,0.893
363,632,0.823
363,11,0.951
363,415,0.934
363,334,0.898
363,488,0.735
363,358,0.705
363,659,0.774
363,23,0.886
363,293,0.974
363,309,0.771
605,319,0.946
605,382,0.709
605,320,0.725
605,52,0.872
605,376,0.738
605,384,0.726
605,42,0.718
605,53,0.875
605,8,0.804
605,375,0.737
605,383,0.797
892,709,0.751
921,901,0.936
859,135,0.72
859,387,0.807
859,134,0.71
859,388,0.817
20,786,0.958
20,66,0.962
20,216,0.735
20,277,0.716
20,849,0.744
20,64,0.983
20,460,0.954
20,21,0.998
20,439,0.912
20,324,0.724
20,408,0.97
20,447,0.756
730,688,0.848
730,532,0.754
955,728,0.854
955,743,0.933
955,876,0.957
955,724,0.741
955,742,0.963
955,562,0.89
955,112,0.868
955,732,0.841
955,670,0.83
955,545,0.862
955,682,0.946
955,697,0.905
460,20,0.954
460,482,0.824
460,614,0.705
5,4,0.877
5,200,0.918
5,397,0.721
5,296,0.951
5,930,0.736
5,3,0.891
212,499,0.815
212,211,0.814
212,647,0.724
212,207,0.991
212,209,0.999
212,629,0.895
212,210,0.826
212,561,0.838
212,451,0.912
212,157,0.749
212,208,0.999
212,531,0.745
405,185,0.98
405,119,0.738
405,890,0.705
405,372,0.733
405,231,0.949
405,409,0.813
405,404,0.999
405,406,0.999
755,743,0.838
755,728,0.739
755,426,0.984
755,112,0.841
755,670,0.775
755,732,0.946
755,562,0.839
755,742,0.869
755,697,0.864
755,618,0.879
755,682,0.908
382,249,0.977
382,927,0.726
382,0,0.741
382,69,0.809
382,110,0.82
382,486,0.941
382,75,0.882
382,205,0.9
382,156,0.9
382,76,0.796
382,704,0.834
382,383,0.999
382,220,0.9
382,375,0.991
382,86,0.983
382,8,0.821
382,319,0.701
382,111,0.903
382,489,0.753
382,695,0.987
382,320,0.881
382,452,0.977
382,299,0.999
382,240,0.952
382,376,0.992
382,605,0.709
382,524,0.977
382,365,0.964
382,287,0.791
382,189,0.986
382,384,0.999
382,42,0.974
382,364,0.993
382,451,0.999
382,535,0.713
382,788,0.932
382,31,0.905
382,79,0.907
407,502,0.951
407,408,0.853
407,209,0.973
407,176,0.926
407,423,0.999
407,117,0.755
407,424,0.889
407,973,0.9
407,177,0.924
407,656,0.963
407,421,0.999
407,422,0.999
523,136,0.822
523,44,0.887
523,537,0.833
523,79,0.995
523,440,0.931
523,59,0.931
523,84,0.701
523,287,0.964
523,127,0.91
523,451,0.95
523,63,0.947
523,78,0.942
523,402,0.725
523,418,0.903
523,855,0.9
523,32,0.928
523,61,0.925
523,77,0.902
523,70,0.979
523,258,0.91
523,313,0.772
523,60,0.968
523,75,0.999
523,76,0.969
523,437,0.929
523,72,0.945
523,261,0.948
523,71,0.973
523,19,0.769
523,538,0.949
523,926,0.9
523,372,0.969
523,80,0.994
523,249,0.959
523,693,0.914
523,69,0.999
60,704,0.952
60,543,0.99
60,77,0.985
60,613,0.986
60,258,0.913
60,86,0.955
60,70,0.999
60,313,0.999
60,62,0.854
60,968,0.94
60,75,0.999
60,310,0.948
60,76,0.992
60,262,0.79
60,686,0.969
60,238,0.915
60,261,0.984
60,486,0.908
60,72,0.99
60,523,0.968
60,52,0.817
60,71,0.999
60,596,0.972
60,11,0.726
60,608,0.976
60,19,0.967
60,538,0.866
60,249,0.909
60,693,0.993
60,80,0.922
60,372,0.799
60,285,0.905
60,599,0.869
60,69,0.999
60,263,0.946
60,887,0.917
60,44,0.998
60,440,0.948
60,943,0.912
60,537,0.998
60,570,0.915
60,79,0.998
60,419,0.988
60,960,0.919
60,483,0.942
60,535,0.939
60,84,0.945
60,59,0.996
60,167,0.798
60,837,0.94
60,287,0.874
60,586,0.963
60,451,0.839
60,42,0.91
60,450,0.988
60,63,0.969
60,452,0.713
60,299,0.97
60,237,0.956
60,78,0.985
60,829,0.925
60,745,0.921
60,179,0.956
60,494,0.914
60,418,0.923
60,769,0.92
60,489,0.945
60,32,0.937
60,61,0.93
60,111,0.99
78,59,0.993
78,79,0.948
78,537,0.971
78,384,0.735
78,63,0.999
78,510,0.775
78,451,0.869
78,168,0.909
78,322,0.925
78,179,0.906
78,61,0.953
78,321,0.926
78,32,0.955
78,77,0.955
78,659,0.901
78,383,0.877
78,258,0.999
78,75,0.992
78,60,0.985
78,169,0.908
78,76,0.955
78,523,0.942
78,191,0.994
78,190,0.931
78,430,0.983
78,80,0.952
78,538,0.953
78,110,0.727
78,69,0.98
500,417,0.773
500,205,0.904
500,270,0.841
572,465,0.983
572,723,0.728
572,576,0.761
63,110,0.745
63,69,0.983
63,80,0.94
63,538,0.94
63,523,0.947
63,191,0.996
63,190,0.939
63,430,0.945
63,169,0.908
63,76,0.974
63,62,0.721
63,75,0.998
63,60,0.969
63,258,0.999
63,77,0.977
63,734,0.715
63,659,0.9
63,61,0.961
63,321,0.931
63,32,0.958
63,418,0.9
63,322,0.926
63,78,0.999
63,168,0.908
63,510,0.708
63,451,0.924
63,384,0.773
63,59,0.972
63,440,0.914
63,79,0.944
63,537,0.817
110,376,0.714
110,299,0.706
110,404,0.864
110,78,0.727
110,819,0.962
110,382,0.82
110,729,0.937
110,80,0.913
110,8,0.989
110,375,0.722
110,383,0.793
110,258,0.764
110,504,0.9
110,451,0.967
110,63,0.745
110,384,0.741
76,440,0.944
76,79,0.999
76,537,0.977
76,59,0.997
76,231,0.708
76,208,0.711
76,245,0.982
76,346,0.991
76,451,0.936
76,42,0.973
76,63,0.974
76,2,0.922
76,365,0.943
76,127,0.98
76,179,0.935
76,299,0.999
76,244,0.927
76,404,0.849
76,78,0.955
76,32,0.999
76,61,0.999
76,111,0.945
76,402,0.821
76,426,0.924
76,82,0.99
76,209,0.744
76,383,0.791
76,258,0.925
76,70,0.706
76,77,0.942
76,417,0.723
76,262,0.927
76,119,0.766
76,60,0.992
76,62,0.786
76,968,0.916
76,75,0.922
76,52,0.865
76,81,0.999
76,71,0.984
76,72,0.731
76,486,0.843
76,437,0.704
76,523,0.969
76,382,0.796
76,69,0.933
76,538,0.985
76,249,0.711
76,415,0.935
76,80,0.999
76,372,0.999
851,600,0.805
851,330,0.9
851,844,0.935
851,644,0.984
689,24,0.9
689,551,0.763
689,87,0.9
689,683,0.782
689,89,0.902
911,96,0.712
6,139,0.983
6,140,0.745
6,462,0.731
6,33,0.72
6,130,0.962
6,31,0.72
6,21,0.992
6,279,0.996
6,102,0.928
6,45,0.723
6,131,0.824
695,313,0.93
695,384,0.768
695,205,0.9
695,75,0.775
695,189,0.73
695,365,0.838
695,451,0.996
695,364,0.999
695,42,0.999
695,450,0.875
695,704,0.939
695,440,0.914
695,375,0.98
695,86,0.996
695,383,0.973
695,249,0.8
695,382,0.987
695,486,0.994
695,452,0.999
695,404,0.934
695,320,0.927
695,524,0.982
695,376,0.962
258,191,0.997
258,523,0.91
258,78,0.999
258,430,0.966
258,168,0.904
258,190,0.962
258,322,0.967
258,80,0.903
258,538,0.901
258,61,0.902
258,69,0.94
258,32,0.909
258,110,0.764
258,321,0.971
258,659,0.9
258,77,0.925
258,59,0.911
258,79,0.901
258,75,0.949
258,384,0.77
258,60,0.913
258,63,0.999
258,76,0.925
258,169,0.904
887,769,0.964
887,69,0.921
887,285,0.909
887,494,0.874
887,675,0.903
887,450,0.917
887,60,0.917
887,209,0.905
887,570,0.986
887,943,0.999
887,537,0.911
887,207,0.901
887,208,0.91
327,130,0.903
327,854,0.902
327,44,0.99
327,487,0.923
327,70,0.76
327,98,0.708
327,162,0.912
327,872,0.864
327,131,0.905
327,310,0.903
327,262,0.947
327,244,0.909
327,485,0.961
327,266,0.729
327,283,0.911
327,11,0.966
327,415,0.92
327,598,0.815
872,328,0.846
872,69,0.818
872,222,0.761
872,327,0.864
750,262,0.803
750,489,0.905
121,52,0.912
532,653,0.726
532,461,0.732
532,474,0.903
532,558,0.845
532,347,0.78
532,342,0.894
532,348,0.748
532,343,0.999
532,345,0.78
532,506,0.825
532,346,0.943
532,344,0.999
532,730,0.754
532,341,0.914
532,571,0.855
64,415,0.932
64,20,0.983
64,277,0.739
36,21,0.735
0,764,0.829
0,141,0.988
0,886,0.951
0,382,0.741
659,330,0.923
659,471,0.721
659,335,0.779
659,293,0.913
659,63,0.9
659,178,0.839
659,432,0.912
659,23,0.746
659,258,0.9
659,415,0.911
659,73,0.897
659,331,0.716
659,363,0.774
659,177,0.848
659,174,0.973
659,540,0.827
659,78,0.901
659,176,0.852
659,175,0.961
659,333,0.913
659,332,0.703
308,309,0.773
308,817,0.999
308,722,0.967
308,11,0.767
308,513,0.933
308,506,0.999
308,495,0.895
308,39,0.709
308,520,0.811
308,380,0.802
308,920,0.978
308,844,0.916
26,473,0.711
26,132,0.711
26,93,0.926
26,547,0.741
607,208,0.999
607,561,0.932
607,207,0.984
607,209,0.996
380,801,0.957
380,658,0.967
380,40,0.986
380,11,0.993
380,654,0.971
380,388,0.801
380,158,0.838
380,133,0.996
380,844,0.948
380,389,0.707
380,308,0.802
380,167,0.987
380,39,0.999
871,321,0.832
871,504,0.999
871,709,0.736
485,32,0.769
485,474,0.752
485,443,0.704
485,402,0.726
485,107,0.927
485,442,0.934
485,451,0.851
485,466,0.969
485,102,0.939
485,487,0.934
485,245,0.995
485,760,0.81
485,11,0.975
485,252,0.825
485,262,0.985
485,310,0.936
485,279,0.979
485,441,0.926
485,98,0.999
485,99,0.998
485,327,0.961
485,178,0.804
531,451,0.94
531,131,0.878
531,208,0.997
531,212,0.745
531,211,0.884
531,207,0.992
531,209,0.971
531,372,0.9
100,125,0.714
100,608,0.916
100,545,0.933
100,596,0.902
100,451,0.982
100,233,0.967
100,272,0.876
495,308,0.895
495,447,0.819
495,154,0.727
495,817,0.719
495,309,0.999
495,218,0.996
495,56,0.836
495,226,0.819
495,131,0.978
495,350,0.941
495,162,0.881
495,94,0.867
495,331,0.827
495,490,0.915
495,73,0.85
495,415,0.949
495,143,0.921
495,11,0.884
495,722,0.906
495,43,0.928
495,307,0.926
495,427,0.839
495,234,0.87
495,442,0.725
495,244,0.874
495,95,0.738
495,283,0.84
495,513,0.928
495,144,0.918
444,257,0.999
444,218,0.895
444,256,0.95
337,93,0.929
175,177,0.918
175,43,0.72
175,174,0.902
175,176,0.916
175,471,0.708
175,9,0.745
175,415,0.778
175,540,0.943
175,379,0.82
175,312,0.924
175,330,0.923
175,129,0.92
175,311,0.707
175,432,0.912
175,659,0.961
229,230,0.839
229,354,0.784
333,151,0.92
333,331,0.85
333,352,0.816
333,244,0.932
333,415,0.922
333,674,0.882
333,222,0.988
333,198,0.909
333,52,0.928
333,309,0.925
333,94,0.902
333,659,0.913
333,432,0.9
333,334,0.839
240,608,0.882
240,926,0.907
240,249,0.951
240,69,0.799
240,382,0.952
240,486,0.927
240,596,0.868
240,75,0.787
240,704,0.765
240,8,0.743
240,910,0.853
240,375,0.879
240,86,0.953
240,383,0.892
240,319,0.994
240,855,0.901
240,452,0.741
240,299,0.999
240,320,0.918
240,708,0.725
240,524,0.773
240,376,0.925
240,384,0.726
240,189,0.927
240,364,0.853
240,59,0.727
240,535,0.799
470,330,0.81
470,245,0.902
470,324,0.938
223,349,0.944
223,52,0.827
223,272,0.882
223,186,0.994
223,271,0.957
223,55,0.734
223,201,0.767
223,674,0.938
223,324,0.745
223,11,0.777
223,222,0.73
223,231,0.957
223,257,0.776
223,354,0.759
223,213,0.874
223,65,0.789
223,520,0.944
223,396,0.993
223,130,0.71
223,309,0.919
223,417,0.938
223,195,0.724
223,256,0.77
223,416,0.746
223,167,0.837
223,447,0.927
508,761,0.999
508,118,0.92
508,968,0.713
508,119,0.85
508,149,0.999
508,481,0.902
508,127,0.914
508,533,0.727
508,194,0.993
508,451,0.758
508,322,0.902
508,321,0.907
508,715,0.989
508,489,0.742
595,970,0.703
309,333,0.925
309,171,0.904
309,283,0.987
309,95,0.929
309,174,0.957
309,244,0.933
309,351,0.927
309,400,0.94
309,176,0.906
309,427,0.937
309,272,0.931
309,307,0.925
309,43,0.948
309,22,0.908
309,158,0.881
309,73,0.954
309,352,0.913
309,363,0.771
309,331,0.939
309,490,0.932
309,162,0.934
309,130,0.958
309,350,0.953
309,131,0.996
309,451,0.904
309,42,0.705
309,671,0.924
309,56,0.905
309,226,0.858
309,495,0.999
309,154,0.969
309,93,0.926
309,224,0.903
309,102,0.921
309,471,0.934
309,308,0.773
309,144,0.99
309,140,0.919
309,81,0.977
309,198,0.901
309,506,0.867
309,155,0.788
309,234,0.977
309,11,0.998
309,49,0.902
309,143,0.988
309,415,0.971
309,65,0.933
309,23,0.947
309,94,0.929
309,97,0.916
309,185,0.922
309,300,0.927
309,358,0.92
309,417,0.95
309,218,0.989
309,262,0.971
309,817,0.877
309,447,0.856
309,183,0.84
309,279,0.764
309,223,0.919
74,102,0.977
74,445,0.744
180,415,0.947
180,567,0.95
180,66,0.777
180,244,0.903
180,786,0.9
180,442,0.912
180,441,0.925
180,21,0.983
180,148,0.964
180,106,0.722
180,162,0.911
906,209,0.895
498,249,0.851
498,622,0.758
498,320,0.845
498,299,0.831
56,244,0.921
56,427,0.981
56,144,0.701
56,95,0.808
56,11,0.927
56,143,0.707
56,130,0.901
56,65,0.909
56,94,0.74
56,491,0.712
56,162,0.917
56,131,0.997
56,309,0.905
56,495,0.836
852,194,0.949
852,533,0.724
852,960,0.913
852,489,0.915
852,968,0.941
622,11,0.985
622,457,0.735
622,451,0.894
622,158,0.966
622,498,0.758
622,389,0.858
870,546,0.868
870,416,0.718
712,678,0.877
417,271,0.744
417,260,0.953
417,33,0.936
417,201,0.714
417,415,0.999
417,19,0.956
417,143,0.993
417,11,0.988
417,324,0.711
417,222,0.737
417,506,0.8
417,225,0.747
417,52,0.817
417,349,0.967
417,234,0.962
417,155,0.876
417,218,0.929
417,262,0.994
417,309,0.95
417,76,0.723
417,149,0.985
417,195,0.999
417,223,0.938
417,75,0.745
417,885,0.971
417,279,0.902
417,205,0.947
417,447,0.777
417,257,0.975
417,65,0.753
417,118,0.992
417,82,0.903
417,77,0.764
417,97,0.738
417,185,0.992
417,300,0.706
417,358,0.981
417,83,0.947
417,66,0.989
417,217,0.795
417,32,0.995
417,418,0.969
417,331,0.984
417,158,0.969
417,255,0.884
417,159,0.998
417,171,0.798
417,515,0.89
417,427,0.967
417,272,0.706
417,186,0.846
417,210,0.777
417,237,0.994
417,404,0.838
417,244,0.982
417,351,0.802
417,131,0.999
417,451,0.887
417,194,0.861
417,604,0.824
417,471,0.97
417,256,0.969
417,416,0.988
417,93,0.93
417,224,0.787
417,154,0.966
417,167,0.761
417,231,0.993
417,162,0.966
417,213,0.962
417,354,0.774
417,79,0.995
417,440,0.72
417,409,0.968
417,396,0.889
417,245,0.937
417,350,0.96
417,500,0.773
417,130,0.977
763,757,0.934
119,426,0.886
119,118,0.998
119,247,0.926
119,761,0.872
119,194,0.785
119,76,0.766
119,451,0.979
119,149,0.997
119,262,0.998
119,404,0.93
119,32,0.782
119,489,0.795
119,405,0.738
119,508,0.85
213,396,0.874
213,354,0.72
213,65,0.779
213,223,0.874
213,447,0.796
213,167,0.753
213,417,0.962
213,272,0.744
213,427,0.721
213,214,0.814
213,186,0.712
213,283,0.82
213,349,0.728
213,67,0.845
213,66,0.909
213,292,0.718
213,260,0.998
213,277,0.731
84,543,0.989
84,613,0.977
84,70,0.994
84,86,0.784
84,313,0.998
84,60,0.945
84,686,0.98
84,486,0.785
84,523,0.701
84,140,0.829
84,542,0.91
84,596,0.72
84,19,0.903
84,608,0.967
84,693,0.909
84,69,0.991
84,599,0.86
84,44,0.999
84,419,0.964
84,537,0.949
84,59,0.983
84,837,0.974
84,586,0.89
84,450,0.98
84,402,0.796
84,290,0.719
130,218,0.869
130,262,0.755
130,309,0.958
130,417,0.977
130,223,0.71
130,129,0.963
130,23,0.964
130,327,0.903
130,300,0.901
130,97,0.945
130,358,0.959
130,371,0.934
130,415,0.986
130,653,0.912
130,143,0.999
130,11,0.861
130,52,0.71
130,144,0.999
130,234,0.924
130,155,0.751
130,6,0.962
130,56,0.901
130,131,0.999
130,451,0.766
130,21,0.755
130,416,0.956
130,102,0.943
130,167,0.787
130,154,0.822
130,231,0.701
130,162,0.951
130,409,0.722
130,350,0.803
130,90,0.747
130,356,0.917
130,66,0.863
130,32,0.727
130,328,0.9
130,73,0.896
130,578,0.924
130,283,0.943
130,117,0.917
130,399,0.969
130,159,0.967
130,353,0.921
130,400,0.986
130,176,0.904
130,392,0.732
130,244,0.939
130,351,0.956
610,881,0.701
610,27,0.72
610,326,0.784
891,55,0.947
891,395,0.934
891,824,0.714
891,216,0.904
891,128,0.977
462,167,0.937
462,397,0.707
462,15,0.956
462,451,0.766
462,45,0.9
462,6,0.731
462,196,0.998
462,854,0.974
462,39,0.743
462,520,0.965
462,31,0.986
462,408,0.945
462,216,0.909
462,33,0.865
462,277,0.833
462,826,0.844
462,822,0.835
462,591,0.981
462,611,0.748
319,708,0.988
319,299,0.97
319,240,0.994
319,605,0.946
319,382,0.701
319,383,0.718
319,910,0.704
319,375,0.725
319,8,0.996
319,451,0.911
77,775,0.77
77,426,0.919
77,258,0.925
77,60,0.985
77,75,0.973
77,62,0.781
77,76,0.942
77,417,0.764
77,262,0.786
77,72,0.708
77,523,0.902
77,81,0.999
77,71,0.983
77,538,0.966
77,80,0.998
77,372,0.997
77,415,0.928
77,69,0.926
77,537,0.975
77,79,0.999
77,440,0.945
77,231,0.855
77,59,0.98
77,2,0.919
77,127,0.976
77,451,0.856
77,63,0.977
77,244,0.918
77,299,0.989
77,78,0.955
77,179,0.92
77,402,0.822
77,32,0.999
77,61,0.999
216,20,0.735
216,128,0.9
216,462,0.909
216,591,0.906
216,891,0.904
216,21,0.989
216,395,0.922
216,55,0.926
775,18,0.777
775,558,0.953
775,402,0.997
775,347,0.704
775,77,0.77
775,134,0.803
775,408,0.712
75,179,0.983
75,517,0.703
75,299,0.999
75,240,0.787
75,320,0.939
75,78,0.992
75,829,0.917
75,489,0.778
75,695,0.775
75,32,0.999
75,61,0.999
75,255,0.878
75,158,0.999
75,855,0.901
75,402,0.99
75,440,0.964
75,537,0.998
75,79,0.999
75,231,0.765
75,59,0.999
75,854,0.736
75,44,0.73
75,245,0.979
75,451,0.999
75,42,0.995
75,63,0.998
75,2,0.925
75,167,0.705
75,384,0.847
75,127,0.974
75,287,0.984
75,52,0.765
75,81,0.878
75,71,0.998
75,261,0.983
75,486,0.98
75,437,0.947
75,72,0.999
75,523,0.999
75,382,0.882
75,69,0.987
75,538,0.999
75,249,0.982
75,693,0.807
75,926,0.9
75,80,0.999
75,372,0.997
75,82,0.999
75,23,0.955
75,258,0.949
75,383,0.912
75,70,0.987
75,86,0.882
75,77,0.973
75,417,0.745
75,149,0.751
75,76,0.922
75,262,0.948
75,60,0.999
75,62,0.831
144,182,0.987
144,300,0.726
144,23,0.78
144,330,0.924
144,309,0.99
144,415,0.921
144,143,0.992
144,11,0.988
144,260,0.707
144,130,0.999
144,495,0.918
144,56,0.701
144,131,0.997
144,400,0.999
144,283,0.972
144,353,0.926
144,66,0.703
372,79,0.982
372,440,0.998
372,59,0.996
372,531,0.9
372,231,0.967
372,960,0.902
372,53,0.754
372,194,0.969
372,451,0.99
372,346,0.961
372,42,0.913
372,2,0.986
372,127,0.998
372,159,0.71
372,664,0.758
372,299,0.934
372,406,0.726
372,404,0.993
372,452,0.894
372,91,0.907
372,32,0.998
372,489,0.919
372,61,0.989
372,82,0.974
372,426,0.975
372,118,0.999
372,207,0.9
372,77,0.997
372,76,0.999
372,262,0.866
372,205,0.914
372,60,0.799
372,968,0.912
372,75,0.997
372,431,0.714
372,81,0.975
372,52,0.973
372,430,0.966
372,437,0.945
372,523,0.969
372,69,0.996
372,251,0.914
372,480,0.99
372,538,0.908
372,608,0.778
372,215,0.963
372,324,0.945
372,11,0.955
372,80,0.965
372,373,0.939
372,415,0.77
372,405,0.733
358,151,0.999
358,66,0.784
358,177,0.907
358,363,0.705
358,73,0.995
358,353,0.997
358,95,0.999
358,244,0.984
358,400,0.709
358,176,0.904
358,230,0.896
358,266,0.989
358,131,0.969
358,604,0.839
358,226,0.999
358,637,0.819
358,514,0.743
358,2,0.855
358,471,0.928
358,491,0.941
358,162,0.982
358,350,0.999
358,130,0.959
358,620,0.903
358,106,0.927
358,371,0.963
358,50,0.919
358,49,0.928
358,11,0.883
358,236,0.901
358,414,0.919
358,415,0.999
358,81,0.705
358,545,0.901
358,632,0.958
358,293,0.977
358,417,0.981
358,218,0.953
358,309,0.92
358,330,0.9
358,455,0.724
358,23,0.994
358,137,0.999
358,94,0.999
358,541,0.801
358,97,0.999
358,264,0.957
950,860,0.919
950,458,0.805
950,401,0.999
950,862,0.998
218,444,0.895
218,415,0.959
218,219,0.944
218,143,0.734
218,94,0.965
218,220,0.85
218,178,0.859
218,300,0.74
218,358,0.953
218,309,0.989
218,417,0.929
218,279,0.714
218,195,0.707
218,183,0.997
218,330,0.91
218,95,0.986
218,283,0.916
218,515,0.943
218,171,0.792
218,400,0.999
218,176,0.87
218,351,0.998
218,177,0.876
218,158,0.821
218,331,0.939
218,491,0.942
218,130,0.869
218,350,0.888
218,495,0.996
218,131,0.808
218,451,0.764
218,471,0.838
218,102,0.921
514,73,0.999
514,443,0.743
514,363,0.981
514,290,0.99
514,66,0.995
514,400,0.922
514,283,0.761
514,102,0.944
514,47,0.803
514,131,0.817
514,226,0.987
514,362,0.75
514,11,0.988
514,143,0.872
514,415,0.966
514,330,0.714
514,358,0.743
514,137,0.835
514,23,0.998
318,649,0.737
318,196,0.909
869,536,0.711
869,771,0.827
869,700,0.854
281,803,0.937
451,741,0.806
451,71,0.704
451,506,0.896
451,52,0.925
451,349,0.994
451,81,0.999
451,234,0.792
451,523,0.95
451,437,0.984
451,430,0.999
451,439,0.935
451,616,0.743
451,861,0.958
451,382,0.999
451,33,0.995
451,801,0.959
451,69,0.977
451,260,0.985
451,110,0.967
451,508,0.758
451,415,0.925
451,372,0.99
451,80,0.953
451,40,0.943
451,49,0.887
451,11,0.989
451,324,0.924
451,222,0.868
451,608,0.707
451,19,0.96
451,480,0.977
451,143,0.889
451,538,0.853
451,383,0.962
451,220,0.963
451,98,0.993
451,86,0.998
451,375,0.921
451,207,0.998
451,118,0.993
451,629,0.966
451,585,0.783
451,757,0.781
451,99,0.952
451,778,0.779
451,82,0.766
451,426,0.835
451,209,0.998
451,8,0.983
451,77,0.856
451,761,0.827
451,100,0.982
451,334,0.987
451,704,0.998
451,146,0.977
451,185,0.979
451,543,0.937
451,156,0.925
451,754,0.99
451,269,0.76
451,262,0.923
451,667,0.912
451,218,0.764
451,309,0.904
451,122,0.715
451,310,0.984
451,149,0.923
451,417,0.887
451,76,0.936
451,279,0.808
451,458,0.983
451,499,0.949
451,195,0.999
451,335,0.858
451,75,0.999
451,119,0.979
451,60,0.839
451,313,0.989
451,283,0.77
451,159,0.882
451,376,0.912
451,517,0.919
451,317,0.983
451,107,0.999
451,179,0.999
451,485,0.851
451,78,0.869
451,453,0.999
451,272,0.925
451,244,0.702
451,404,0.997
451,452,0.999
451,844,0.914
451,299,0.852
451,273,0.938
451,210,0.962
451,392,0.999
451,111,0.992
451,66,0.8
451,51,0.857
451,695,0.996
451,602,0.713
451,32,0.911
451,319,0.911
451,158,0.997
451,254,0.744
451,212,0.912
451,622,0.894
451,474,0.999
451,331,0.987
451,462,0.766
451,22,0.967
451,255,0.998
451,792,0.897
451,481,0.72
451,531,0.94
451,231,0.94
451,59,0.995
451,440,0.861
451,520,0.824
451,409,0.739
451,79,0.999
451,35,0.944
451,419,0.999
451,31,0.991
451,44,0.759
451,245,0.985
451,263,0.901
451,854,0.859
451,130,0.766
451,90,0.877
451,208,0.998
451,947,0.946
451,350,0.955
451,533,0.965
451,54,0.958
451,450,0.801
451,42,0.999
451,63,0.924
451,604,0.945
451,346,0.742
451,364,0.965
451,410,0.71
451,516,0.808
451,131,0.908
451,194,0.999
451,416,0.927
451,132,0.986
451,189,0.865
451,477,0.961
451,167,0.901
451,2,0.99
451,93,0.994
451,384,0.949
143,760,0.788
143,350,0.97
143,208,0.945
143,130,0.999
143,162,0.798
143,640,0.725
143,416,0.8
143,514,0.872
143,102,0.885
143,2,0.762
143,167,0.782
143,495,0.921
143,56,0.707
143,450,0.706
143,42,0.856
143,131,0.998
143,451,0.889
143,400,0.999
143,283,0.977
143,353,0.962
143,66,0.999
143,32,0.885
143,151,0.746
143,182,0.999
143,300,0.748
143,94,0.843
143,23,0.902
143,629,0.994
143,195,0.708
143,522,0.938
143,279,0.802
143,330,0.903
143,309,0.988
143,218,0.734
143,262,0.831
143,417,0.993
143,506,0.975
143,81,0.726
143,349,0.702
143,144,0.992
143,415,0.985
143,439,0.943
143,9,0.831
143,260,0.97
143,371,0.788
628,596,0.948
628,52,0.728
628,61,0.807
628,793,0.818
628,504,0.703
301,196,0.911
301,13,0.977
301,360,0.829
301,14,0.974
301,302,0.713
301,11,0.948
217,209,0.702
217,351,0.942
217,417,0.795
217,416,0.998
217,352,0.929
368,334,0.923
368,23,0.854
368,335,0.714
368,415,0.925
368,471,0.903
368,369,0.985
368,367,0.904
368,283,0.913
368,363,0.857
912,880,0.992
59,523,0.931
59,72,0.978
59,486,0.927
59,437,0.948
59,261,0.977
59,596,0.939
59,71,0.995
59,140,0.838
59,81,0.751
59,926,0.9
59,80,0.999
59,372,0.996
59,693,0.995
59,249,0.989
59,538,0.966
59,19,0.967
59,608,0.909
59,11,0.76
59,69,0.999
59,599,0.87
59,613,0.969
59,77,0.98
59,543,0.989
59,704,0.775
59,70,0.999
59,86,0.955
59,258,0.911
59,874,0.777
59,75,0.999
59,62,0.851
59,313,0.994
59,60,0.996
59,686,0.966
59,262,0.723
59,76,0.997
59,149,0.766
59,78,0.993
59,829,0.957
59,320,0.844
59,240,0.727
59,299,0.976
59,402,0.991
59,855,0.9
59,61,0.805
59,32,0.816
59,489,0.786
59,136,0.893
59,44,0.992
59,84,0.983
59,419,0.987
59,79,0.999
59,537,0.989
59,440,0.957
59,837,0.989
59,287,0.997
59,127,0.982
59,2,0.933
59,63,0.972
59,42,0.843
59,450,0.985
59,451,0.995
59,586,0.961
371,131,0.999
371,24,0.841
371,419,0.925
371,23,0.964
371,162,0.928
371,130,0.934
371,300,0.904
371,97,0.943
371,358,0.963
371,543,0.933
371,350,0.932
371,69,0.906
371,616,0.831
371,19,0.921
371,143,0.788
371,415,0.966
371,331,0.826
371,140,0.969
371,139,0.833
371,283,0.964
371,244,0.937
371,400,0.964
371,266,0.98
274,674,0.74
274,222,0.967
274,273,0.861
274,272,0.871
274,374,0.954
131,540,0.917
131,506,0.974
131,181,0.839
131,349,0.706
131,144,0.997
131,52,0.759
131,81,0.805
131,653,0.934
131,415,0.995
131,316,0.904
131,805,0.743
131,11,0.794
131,143,0.998
131,371,0.999
131,260,0.998
131,69,0.828
131,327,0.905
131,334,0.704
131,673,0.968
131,358,0.969
131,97,0.981
131,185,0.788
131,300,0.808
131,182,0.981
131,220,0.971
131,94,0.996
131,257,0.707
131,408,0.716
131,207,0.798
131,137,0.896
131,629,0.883
131,23,0.968
131,209,0.942
131,885,0.724
131,279,0.834
131,129,0.947
131,195,0.976
131,447,0.838
131,183,0.92
131,156,0.939
131,262,0.812
131,218,0.808
131,309,0.996
131,293,0.819
131,417,0.999
131,176,0.935
131,400,0.999
131,266,0.994
131,445,0.845
131,244,0.981
131,351,0.999
131,392,0.915
131,210,0.831
131,117,0.926
131,283,0.985
131,159,0.977
131,95,0.985
131,353,0.984
131,179,0.94
131,73,0.978
131,578,0.922
131,352,0.963
131,418,0.998
131,22,0.946
131,66,0.997
131,328,0.916
131,151,0.98
131,307,0.938
131,32,0.864
131,136,0.812
131,130,0.999
131,208,0.896
131,356,0.968
131,90,0.819
131,350,0.973
131,162,0.938
131,491,0.986
131,531,0.878
131,231,0.764
131,409,0.768
131,471,0.914
131,416,0.996
131,640,0.959
131,21,0.823
131,167,0.955
131,2,0.89
131,102,0.993
131,514,0.817
131,42,0.837
131,56,0.997
131,6,0.824
131,495,0.978
131,669,0.706
131,604,0.883
131,47,0.882
131,451,0.908
279,143,0.802
279,11,0.924
279,726,0.962
279,251,0.841
279,81,0.706
279,205,0.985
279,195,0.998
279,417,0.902
279,169,0.776
279,218,0.714
279,262,0.994
279,309,0.764
279,905,0.865
279,446,0.838
279,402,0.78
279,474,0.739
279,32,0.774
279,66,0.722
279,38,0.743
279,485,0.979
279,634,0.751
279,445,0.711
279,377,0.971
279,283,0.73
279,117,0.919
279,159,0.954
279,2,0.737
279,21,0.988
279,131,0.834
279,451,0.808
279,194,0.805
279,604,0.751
279,6,0.996
279,245,0.991
279,409,0.769
279,231,0.968
578,131,0.922
578,130,0.924
293,335,0.941
293,313,0.939
293,23,0.981
293,137,0.953
293,264,0.936
293,659,0.913
293,703,0.716
293,358,0.977
293,236,0.901
293,415,0.935
293,11,0.987
293,632,0.915
293,140,0.907
293,52,0.922
293,252,0.919
293,226,0.869
293,637,0.942
293,131,0.819
293,102,0.924
293,231,0.703
293,491,0.995
293,162,0.926
293,419,0.919
293,106,0.9
293,350,0.913
293,30,0.756
293,443,0.912
293,363,0.974
293,73,0.999
293,517,0.923
293,283,0.938
293,266,0.999
293,400,0.725
637,226,0.945
637,73,0.88
637,455,0.857
637,23,0.977
637,358,0.819
637,264,0.988
637,293,0.942
637,101,0.802
637,415,0.794
125,124,0.919
125,100,0.714
15,591,0.924
15,462,0.956
15,854,0.939
15,812,0.717
15,627,0.915
15,706,0.752
15,795,0.741
15,211,0.911
445,137,0.995
445,208,0.981
445,350,0.773
445,74,0.744
445,131,0.845
445,102,0.99
445,279,0.711
445,52,0.956
445,415,0.997
445,73,0.881
286,112,0.83
286,697,0.84
286,867,0.743
286,743,0.896
286,618,0.748
286,682,0.905
286,437,0.937
248,136,0.878
248,83,0.758
920,506,0.99
920,520,0.822
920,516,0.998
920,308,0.978
920,167,0.731
920,817,0.964
724,150,0.799
724,919,0.974
724,955,0.741
724,466,0.741
724,941,0.793
591,812,0.976
591,211,0.945
591,15,0.924
591,208,0.992
591,795,0.854
591,209,0.962
591,207,0.76
591,462,0.981
591,627,0.822
591,216,0.906
591,288,0.736
591,826,0.8
21,800,0.996
21,400,0.994
21,103,0.806
21,180,0.983
21,216,0.989
21,158,0.935
21,20,0.998
21,231,0.793
21,162,0.812
21,92,0.827
21,208,0.76
21,130,0.755
21,6,0.992
21,131,0.823
21,167,0.98
21,17,0.974
21,52,0.943
21,718,0.82
21,271,0.904
21,415,0.78
21,49,0.748
21,408,0.987
21,645,0.893
21,209,0.945
21,778,0.826
21,36,0.735
21,334,0.939
21,192,0.855
21,279,0.988
951,665,0.741
951,675,0.8
54,22,0.997
54,222,0.719
54,52,0.955
54,107,0.917
54,451,0.958
54,516,0.992
54,18,0.708
54,972,0.907
54,35,0.974
54,134,0.901
54,53,0.939
54,854,0.97
488,178,0.728
488,487,0.903
488,363,0.735
108,109,0.981
108,280,0.954
108,69,0.912
443,66,0.996
443,11,0.983
443,363,0.972
443,73,0.992
443,415,0.98
443,140,0.996
443,283,0.944
443,244,0.709
443,485,0.704
443,293,0.912
443,262,0.852
443,514,0.743
443,640,0.854
443,23,0.982
443,162,0.733
822,462,0.835
822,520,0.8
822,795,0.722
546,416,0.982
546,299,0.713
546,870,0.868
546,845,0.943
546,408,0.876
546,458,0.906
546,693,0.909
762,477,0.923
44,837,0.968
44,287,0.798
44,586,0.955
44,451,0.759
44,194,0.732
44,450,0.986
44,42,0.918
44,537,0.983
44,419,0.965
44,84,0.999
44,535,0.819
44,231,0.822
44,59,0.992
44,494,0.935
44,290,0.753
44,320,0.827
44,60,0.998
44,313,0.999
44,62,0.724
44,75,0.73
44,686,0.978
44,543,0.995
44,327,0.99
44,613,0.974
44,8,0.793
44,86,0.913
44,70,0.999
44,608,0.919
44,574,0.715
44,19,0.968
44,249,0.91
44,693,0.993
44,599,0.878
44,69,0.999
44,261,0.726
44,486,0.923
44,523,0.887
44,542,0.906
44,71,0.75
44,596,0.737
581,465,0.9
324,396,0.709
324,245,0.794
324,267,0.916
324,481,0.972
324,231,0.984
324,167,0.716
324,93,0.719
324,416,0.854
324,132,0.86
324,451,0.924
324,194,0.789
324,404,0.769
324,159,0.96
324,20,0.724
324,482,0.898
324,83,0.968
324,761,0.701
324,118,0.823
324,470,0.938
324,82,0.995
324,220,0.885
324,195,0.76
324,223,0.745
324,149,0.834
324,417,0.711
324,349,0.862
324,11,0.846
324,415,0.739
324,372,0.945
324,439,0.861
324,890,0.993
844,136,0.81
844,451,0.914
844,308,0.916
844,380,0.948
844,199,0.873
844,209,0.911
844,851,0.935
844,817,0.903
844,330,0.785
844,506,0.908
844,658,0.912
487,98,0.942
487,327,0.923
487,488,0.903
487,485,0.934
487,328,0.917
487,363,0.73
199,153,0.933
199,4,0.844
199,844,0.873
199,228,0.993
199,200,0.999
199,820,0.82
234,352,0.981
234,418,0.958
234,66,0.831
234,307,0.945
234,400,0.962
234,244,0.974
234,283,0.978
234,95,0.94
234,471,0.733
234,416,0.909
234,495,0.87
234,451,0.792
234,130,0.924
234,162,0.786
234,354,0.883
234,415,0.787
234,11,0.758
234,439,0.927
234,183,0.934
234,309,0.977
234,417,0.962
234,300,0.81
234,182,0.854
234,94,0.901
537,287,0.774
537,837,0.98
537,63,0.817
537,450,0.991
537,586,0.965
537,44,0.983
537,887,0.911
537,263,0.859
537,59,0.989
537,84,0.949
537,483,0.938
537,535,0.929
537,943,0.908
537,79,0.927
537,570,0.91
537,419,0.995
537,494,0.912
537,111,0.898
537,769,0.916
537,320,0.779
537,829,0.918
537,78,0.971
537,745,0.923
537,442,0.724
537,299,0.856
537,179,0.926
537,75,0.998
537,62,0.824
537,60,0.998
537,313,0.997
537,686,0.966
537,238,0.914
537,76,0.977
537,149,0.777
537,77,0.975
537,613,0.983
537,543,0.991
537,704,0.895
537,86,0.939
537,70,0.999
537,249,0.898
537,693,0.993
537,608,0.976
537,19,0.96
537,538,0.827
537,69,0.999
537,285,0.905
537,599,0.862
537,523,0.833
537,486,0.947
537,72,0.985
537,261,0.98
537,71,0.983
537,596,0.972
57,413,0.973
57,58,0.898
58,57,0.898
378,198,0.739
378,93,0.87
378,194,0.786
47,414,0.85
47,306,0.837
47,264,0.969
47,408,0.834
47,579,0.797
47,265,0.949
47,22,0.85
47,304,0.77
47,277,0.957
47,514,0.803
47,305,0.825
47,131,0.882
155,130,0.751
155,671,0.915
155,154,0.905
155,283,0.956
155,400,0.716
155,300,0.746
155,417,0.876
155,309,0.788
675,285,0.906
675,678,0.732
675,769,0.911
675,494,0.929
675,570,0.905
675,943,0.908
675,951,0.8
675,887,0.903
31,35,0.998
31,196,0.806
31,854,0.981
31,754,0.9
31,45,0.72
31,6,0.72
31,451,0.991
31,330,0.8
31,317,0.73
31,52,0.899
31,179,0.759
31,453,0.904
31,611,0.75
31,33,0.998
31,382,0.905
31,30,0.845
31,462,0.986
31,49,0.829
31,11,0.763
418,63,0.9
418,131,0.998
418,471,0.949
418,416,0.939
418,224,0.945
418,2,0.965
418,154,0.879
418,162,0.953
418,79,0.938
418,61,0.948
418,32,0.959
418,151,0.925
418,352,0.956
418,158,0.729
418,22,0.93
418,95,0.989
418,159,0.95
418,171,0.988
418,515,0.981
418,427,0.954
418,400,0.822
418,404,0.74
418,244,0.969
418,351,0.971
418,299,0.9
418,149,0.919
418,417,0.969
418,885,0.76
418,60,0.923
418,185,0.979
418,415,0.968
418,11,0.811
418,234,0.958
418,523,0.903
10,360,0.992
10,164,0.81
10,303,0.727
230,441,0.707
230,358,0.896
230,264,0.725
230,292,0.923
230,415,0.935
230,236,0.739
230,229,0.839
230,412,0.905
230,162,0.92
230,350,0.971
230,92,0.775
230,620,0.81
230,265,0.801
230,91,0.754
386,344,0.914
386,580,0.993
386,814,0.714
386,683,0.818
969,388,0.967
969,387,0.917
7,187,0.729
7,28,0.793
7,150,0.822
7,941,0.806
677,802,0.898
800,21,0.996
277,413,0.805
277,330,0.911
277,129,0.863
277,195,0.968
277,638,0.922
277,349,0.705
277,55,0.746
277,831,0.967
277,11,0.999
277,201,0.787
277,173,0.739
277,415,0.704
277,213,0.731
277,231,0.958
277,64,0.739
277,47,0.957
277,93,0.948
277,167,0.707
277,176,0.914
277,177,0.915
277,331,0.936
277,462,0.833
277,20,0.716
270,93,0.74
270,500,0.841
270,215,0.721
586,837,0.936
586,450,0.97
586,44,0.955
586,59,0.961
586,84,0.89
586,419,0.929
586,537,0.965
586,320,0.76
586,313,0.872
586,60,0.963
586,686,0.913
586,149,0.964
586,613,0.945
586,543,0.892
586,70,0.98
586,86,0.859
586,693,0.949
586,249,0.739
586,19,0.947
586,608,0.729
586,69,0.985
586,599,0.852
586,72,0.715
586,486,0.919
586,261,0.84
586,71,0.736
766,461,0.755
766,645,0.739
204,430,0.738
204,970,0.904
204,280,0.976
204,167,0.859
294,413,0.778
511,611,0.809
511,826,0.982
855,75,0.901
855,926,0.997
855,764,0.713
855,437,0.836
855,240,0.901
855,523,0.9
855,59,0.9
313,44,0.999
313,537,0.997
313,419,0.999
313,483,0.947
313,535,0.963
313,84,0.998
313,59,0.994
313,837,0.975
313,586,0.872
313,451,0.989
313,42,0.94
313,450,0.953
313,452,0.99
313,299,0.759
313,745,0.872
313,489,0.781
313,695,0.93
313,290,0.812
313,704,0.912
313,543,0.987
313,613,0.999
313,23,0.757
313,70,0.999
313,86,0.713
313,60,0.999
313,62,0.742
313,968,0.709
313,310,0.793
313,293,0.939
313,686,0.975
313,262,0.773
313,261,0.978
313,486,0.82
313,72,0.967
313,523,0.772
313,140,0.922
313,71,0.97
313,596,0.925
313,19,0.927
313,608,0.971
313,249,0.902
313,693,0.961
313,599,0.818
313,69,0.996
672,662,0.933
672,211,0.874
94,139,0.95
94,333,0.902
94,332,0.9
94,399,0.887
94,95,0.922
94,351,0.952
94,244,0.796
94,234,0.901
94,427,0.761
94,266,0.933
94,400,0.843
94,151,0.979
94,143,0.843
94,331,0.911
94,415,0.999
94,73,0.762
94,23,0.952
94,162,0.973
94,350,0.998
94,358,0.999
94,334,0.851
94,131,0.996
94,361,0.912
94,495,0.867
94,309,0.929
94,56,0.74
94,218,0.965
94,671,0.994
94,154,0.715
94,2,0.997
267,159,0.949
267,324,0.916
267,268,0.85
267,334,0.967
267,479,0.923
267,98,0.958
267,231,0.955
267,132,0.923
828,853,0.799
19,249,0.764
19,693,0.984
19,285,0.902
19,599,0.868
19,371,0.921
19,69,0.991
19,523,0.769
19,261,0.817
19,486,0.889
19,71,0.722
19,596,0.725
19,52,0.79
19,195,0.93
19,18,0.893
19,313,0.927
19,60,0.967
19,686,0.993
19,262,0.957
19,417,0.956
19,613,0.992
19,83,0.9
19,543,0.999
19,70,0.987
19,86,0.831
19,158,0.927
19,494,0.9
19,769,0.912
19,32,0.959
19,159,0.93
19,837,0.958
19,895,0.903
19,450,0.959
19,586,0.947
19,451,0.96
19,44,0.968
19,53,0.835
19,84,0.903
19,59,0.967
19,409,0.925
19,537,0.96
19,419,0.998
19,570,0.911
208,210,0.944
208,445,0.981
208,591,0.992
208,272,0.774
208,769,0.947
208,494,0.921
208,212,0.999
208,520,0.716
208,570,0.913
208,679,0.899
208,943,0.903
208,231,0.725
208,531,0.997
208,854,0.814
208,887,0.91
208,157,0.988
208,245,0.95
208,604,0.767
208,194,0.72
208,131,0.896
208,451,0.998
208,2,0.852
208,167,0.799
208,21,0.76
208,561,0.999
208,52,0.856
208,506,0.83
208,607,0.999
208,814,0.975
208,55,0.722
208,285,0.913
208,206,0.969
208,260,0.872
208,615,0.732
208,11,0.879
208,143,0.945
208,629,0.999
208,65,0.985
208,8,0.766
208,209,0.985
208,184,0.939
208,207,0.832
208,408,0.999
208,344,0.755
208,504,0.754
208,185,0.993
208,76,0.711
208,262,0.819
208,447,0.992
208,211,0.972
208,195,0.997
325,412,0.832
683,689,0.782
683,386,0.818
683,551,0.924
247,136,0.798
247,119,0.926
247,118,0.948
745,60,0.921
745,313,0.872
745,450,0.73
745,537,0.923
745,535,0.999
745,483,0.998
745,608,0.925
745,69,0.957
745,596,0.8
745,376,0.75
853,828,0.799
71,486,0.902
71,72,0.907
71,261,0.747
71,523,0.973
71,342,0.901
71,343,0.903
71,19,0.722
71,538,0.982
71,80,0.856
71,558,0.9
71,69,0.996
71,543,0.848
71,704,0.998
71,344,0.901
71,77,0.983
71,86,0.999
71,70,0.884
71,341,0.9
71,60,0.999
71,313,0.97
71,75,0.998
71,76,0.984
71,262,0.969
71,686,0.71
71,345,0.9
71,517,0.903
71,348,0.904
71,402,0.931
71,347,0.904
71,32,0.971
71,61,0.924
71,245,0.95
71,44,0.75
71,537,0.983
71,79,0.888
71,419,0.767
71,440,0.946
71,59,0.995
71,451,0.704
71,586,0.736
71,346,0.904
841,914,0.821
9,90,0.884
9,178,0.994
9,471,0.94
9,129,0.937
9,175,0.745
9,174,0.776
9,814,0.903
9,176,0.893
9,177,0.907
9,143,0.831
9,415,0.989
965,656,0.762
965,713,0.999
965,551,0.727
965,779,0.999
555,73,0.971
164,10,0.81
159,131,0.977
159,451,0.882
159,226,0.923
159,93,0.99
159,154,0.927
159,132,0.999
159,416,0.941
159,409,0.943
159,96,0.914
159,231,0.999
159,267,0.949
159,481,0.926
159,350,0.936
159,130,0.967
159,245,0.99
159,396,0.953
159,32,0.987
159,489,0.735
159,43,0.927
159,418,0.95
159,158,0.947
159,168,0.947
159,244,0.931
159,427,0.941
159,503,0.9
159,417,0.998
159,169,0.806
159,122,0.927
159,262,0.987
159,269,0.945
159,441,0.929
159,330,0.861
159,335,0.887
159,195,0.971
159,279,0.954
159,82,0.991
159,479,0.914
159,467,0.888
159,185,0.973
159,83,0.952
159,146,0.975
159,334,0.932
159,19,0.93
159,11,0.711
159,324,0.96
159,372,0.71
159,201,0.949
159,415,0.936
159,430,0.822
159,540,0.911
919,832,0.96
919,275,0.793
919,724,0.974
919,888,0.784
861,451,0.958
861,179,0.914
594,195,0.988
970,204,0.904
970,595,0.703
854,8,0.735
854,209,0.737
854,408,0.803
854,327,0.902
854,15,0.939
854,211,0.787
854,75,0.736
854,52,0.995
854,145,0.757
854,506,0.721
854,55,0.915
854,33,0.967
854,826,0.733
854,615,0.867
854,11,0.806
854,201,0.716
854,31,0.981
854,35,0.969
854,231,0.73
854,208,0.814
854,53,0.983
854,516,0.707
854,451,0.859
854,54,0.97
854,167,0.825
854,397,0.942
854,317,0.765
854,210,0.993
854,266,0.729
854,611,0.756
854,30,0.948
854,51,0.792
854,22,0.712
854,116,0.908
854,462,0.974
650,430,0.975
650,245,0.9
377,279,0.971
968,69,0.974
968,608,0.728
968,372,0.912
968,508,0.713
968,473,0.9
968,430,0.938
968,76,0.916
968,149,0.754
968,434,0.874
968,313,0.709
968,60,0.94
968,852,0.941
968,504,0.956
968,761,0.701
968,32,0.907
968,489,0.987
968,562,0.908
968,299,0.895
968,194,0.951
968,604,0.702
968,533,0.903
968,535,0.749
968,960,0.927
571,344,0.766
571,532,0.855
571,343,0.77
89,689,0.902
89,814,0.903
89,117,0.804
89,738,0.852
89,90,0.996
89,209,0.729
89,656,0.915
89,721,0.824
89,87,0.939
89,24,0.904
437,86,0.718
437,504,0.994
437,262,0.981
437,76,0.704
437,75,0.947
437,81,0.779
437,523,0.929
437,706,0.727
437,80,0.936
437,372,0.945
437,926,0.932
437,249,0.758
437,11,0.993
437,59,0.948
437,451,0.984
437,364,0.916
437,2,0.953
437,320,0.736
437,404,0.999
437,855,0.836
437,286,0.937
330,144,0.924
330,143,0.903
330,890,0.804
330,659,0.923
330,172,0.923
330,432,0.901
330,358,0.9
330,185,0.919
330,178,0.791
330,23,0.869
330,470,0.81
330,499,0.906
330,218,0.91
330,851,0.9
330,272,0.819
330,266,0.9
330,176,0.705
330,844,0.785
330,174,0.926
330,159,0.861
330,175,0.923
330,158,0.844
330,177,0.721
330,277,0.911
330,30,0.977
330,350,0.808
330,231,0.824
330,162,0.923
330,491,0.9
330,481,0.8
330,31,0.8
330,419,0.932
330,514,0.714
330,93,0.962
764,855,0.713
764,0,0.829
343,346,0.997
343,287,0.904
343,571,0.77
343,341,0.994
343,344,0.999
343,172,0.904
343,32,0.904
343,347,0.875
343,532,0.999
343,558,0.851
343,948,0.776
343,345,0.984
343,71,0.903
343,348,0.949
343,974,0.9
343,814,0.773
343,272,0.917
343,342,0.977
343,829,0.903
479,335,0.758
479,334,0.774
479,159,0.914
479,93,0.824
479,132,0.877
479,267,0.923
479,231,0.999
24,689,0.9
24,89,0.904
24,73,0.999
24,363,0.724
24,371,0.841
24,23,0.999
570,675,0.905
570,285,0.97
570,769,0.999
570,69,0.931
570,494,0.982
570,19,0.911
570,943,0.983
570,537,0.91
570,209,0.92
570,207,0.912
570,208,0.913
570,887,0.986
570,543,0.913
570,450,0.924
570,60,0.915
323,116,0.901
323,446,0.914
323,478,0.909
52,22,0.845
52,331,0.984
52,73,0.801
52,32,0.865
52,30,0.948
52,16,0.709
52,114,0.99
52,51,0.958
52,115,0.977
52,210,0.782
52,272,0.748
52,445,0.956
52,333,0.928
52,317,0.742
52,605,0.872
52,628,0.728
52,167,0.883
52,21,0.943
52,416,0.701
52,451,0.925
52,131,0.759
52,516,0.756
52,54,0.955
52,350,0.953
52,208,0.856
52,854,0.995
52,130,0.71
52,53,0.929
52,79,0.994
52,35,0.884
52,31,0.899
52,520,0.701
52,231,0.837
52,19,0.79
52,723,0.713
52,49,0.844
52,11,0.935
52,372,0.973
52,201,0.762
52,414,0.978
52,69,0.749
52,55,0.779
52,33,0.818
52,439,0.932
52,349,0.721
52,506,0.894
52,211,0.77
52,60,0.817
52,18,0.998
52,75,0.765
52,276,0.764
52,223,0.827
52,195,0.72
52,76,0.865
52,417,0.817
52,293,0.922
52,262,0.793
52,121,0.912
52,269,0.712
52,8,0.998
52,23,0.957
52,134,0.937
52,137,0.712
364,524,0.958
364,376,0.964
364,452,0.881
364,240,0.853
364,437,0.916
364,382,0.993
364,695,0.999
364,383,0.971
364,86,0.991
364,375,0.989
364,704,0.995
364,451,0.965
364,42,0.936
364,205,0.9
364,384,0.781
364,365,0.802
364,189,0.72
910,320,0.796
910,299,0.958
910,240,0.853
910,42,0.901
910,319,0.704
910,365,0.9
687,102,0.732
600,851,0.805
624,132,0.938
624,82,0.977
516,107,0.961
516,52,0.756
516,22,0.996
516,11,0.831
516,920,0.998
516,854,0.707
516,972,0.944
516,18,0.985
516,451,0.808
516,54,0.992
51,61,0.77
51,52,0.958
51,554,0.907
51,451,0.857
51,18,0.837
51,134,0.905
51,35,0.94
51,53,0.982
51,854,0.792
273,271,0.961
273,222,0.995
273,674,0.747
273,374,0.824
273,402,0.71
273,272,0.983
273,451,0.938
273,274,0.861
177,9,0.907
177,415,0.925
177,11,0.943
177,198,0.9
177,218,0.876
177,312,0.771
177,335,0.731
177,129,0.91
177,330,0.721
177,23,0.946
177,659,0.848
177,432,0.94
177,358,0.907
177,407,0.924
177,277,0.915
177,73,0.954
177,423,0.911
177,283,0.877
177,175,0.918
177,176,0.985
177,174,0.939
177,244,0.923
177,471,0.936
177,162,0.923
177,421,0.904
177,350,0.903
305,47,0.825
305,360,0.959
305,304,0.902
305,306,0.995
259,832,0.846
259,41,0.799
259,457,0.803
259,173,0.704
259,55,0.718
543,299,0.757
543,237,0.964
543,769,0.91
543,494,0.907
543,537,0.991
543,419,0.994
543,570,0.913
543,84,0.989
543,59,0.989
543,44,0.995
543,586,0.892
543,451,0.937
543,450,0.985
543,837,0.96
543,287,0.77
543,895,0.984
543,71,0.848
543,596,0.99
543,261,0.758
543,486,0.938
543,72,0.709
543,285,0.912
543,599,0.911
543,371,0.933
543,69,0.98
543,19,0.999
543,608,0.994
543,249,0.842
543,693,0.979
543,70,0.998
543,86,0.813
543,613,0.999
543,264,0.904
543,686,0.999
543,18,0.728
543,313,0.987
543,60,0.99
543,62,0.798
112,867,0.851
112,728,0.911
112,134,0.82
112,743,0.935
112,670,0.978
112,732,0.856
112,682,0.914
112,618,0.891
112,545,0.846
112,876,0.892
112,742,0.889
112,286,0.83
112,955,0.868
112,755,0.841
112,697,0.958
860,950,0.919
860,742,0.744
860,278,0.813
860,876,0.819
860,425,0.904
860,401,0.97
779,656,0.901
779,965,0.999
779,713,0.999
688,730,0.848
761,118,0.911
761,426,0.739
761,409,0.731
761,481,0.918
761,231,0.708
761,119,0.872
761,127,0.931
761,968,0.701
761,132,0.755
761,149,0.999
761,451,0.827
761,194,0.995
761,533,0.725
761,262,0.758
761,404,0.756
761,322,0.9
761,324,0.701
761,508,0.999
761,321,0.9
761,489,0.725
761,715,0.997
940,209,0.902
940,835,0.999
940,604,0.907
940,957,0.9
940,805,0.981
422,361,0.917
422,588,0.728
422,102,0.918
422,421,0.927
422,656,0.971
422,407,0.999
422,424,0.848
422,973,0.981
422,423,0.885
422,367,0.768
574,44,0.715
729,819,0.914
729,110,0.937
592,749,0.999
504,867,0.917
504,446,0.708
504,968,0.956
504,262,0.996
504,434,0.999
504,819,0.904
504,430,0.759
504,437,0.994
504,871,0.999
504,927,0.727
504,110,0.9
504,208,0.754
504,960,0.746
504,384,0.754
504,226,0.969
504,404,0.713
504,628,0.703
504,489,0.832
662,611,0.839
662,830,0.735
662,826,0.732
662,288,0.741
662,211,0.882
662,795,0.752
662,672,0.933
517,293,0.923
517,451,0.919
517,75,0.703
517,132,0.919
517,231,0.908
517,185,0.907
517,50,0.923
517,158,0.902
517,49,0.934
517,71,0.903
517,72,0.927
927,382,0.726
927,768,0.859
927,504,0.727
957,805,0.9
957,541,0.803
957,940,0.9
35,31,0.998
35,23,0.729
35,52,0.884
35,107,0.918
35,317,0.907
35,334,0.876
35,854,0.969
35,103,0.911
35,30,0.876
35,451,0.944
35,33,0.989
35,51,0.94
35,54,0.974
35,49,0.871
35,22,0.982
35,276,0.902
674,274,0.74
674,98,0.931
674,333,0.882
674,272,0.877
674,273,0.747
674,334,0.831
674,223,0.938
674,222,0.965
459,166,0.985
638,277,0.922
638,283,0.949
638,311,0.73
638,772,0.898
149,59,0.766
149,231,0.783
149,481,0.928
149,537,0.777
149,409,0.719
149,450,0.805
149,42,0.952
149,533,0.733
149,194,0.997
149,451,0.923
149,410,0.908
149,586,0.964
149,132,0.909
149,127,0.949
149,322,0.908
149,107,0.797
149,664,0.748
149,404,0.883
149,374,0.82
149,715,0.995
149,489,0.852
149,321,0.903
149,474,0.759
149,418,0.919
149,118,0.999
149,761,0.999
149,262,0.984
149,417,0.985
149,968,0.754
149,75,0.751
149,119,0.997
149,81,0.723
149,69,0.997
149,373,0.853
149,693,0.76
149,508,0.999
149,324,0.834
149,11,0.8
812,15,0.717
812,211,0.943
812,795,0.999
812,627,0.895
812,591,0.976
509,222,0.706
721,738,0.827
721,814,0.755
721,89,0.824
721,90,0.932
971,73,0.751
971,669,0.716
971,43,0.905
971,350,0.9
971,266,0.929
971,491,0.961
357,826,0.908
742,682,0.998
742,618,0.854
742,545,0.96
742,955,0.963
742,755,0.869
742,697,0.868
742,648,0.807
742,562,0.894
742,932,0.852
742,732,0.937
742,670,0.802
742,112,0.889
742,860,0.744
742,728,0.885
742,743,0.874
742,876,0.905
742,816,0.863
200,820,0.972
200,3,0.965
200,228,0.85
200,4,0.988
200,289,0.94
200,5,0.918
200,949,0.77
200,199,0.999
200,153,0.947
256,220,0.949
256,257,0.921
256,231,0.853
256,396,0.705
256,417,0.969
256,223,0.77
256,444,0.95
680,465,0.931
680,647,0.703
483,42,0.963
483,189,0.856
483,535,0.999
483,537,0.938
483,524,0.739
483,745,0.998
483,452,0.974
483,262,0.927
483,313,0.947
483,60,0.942
483,69,0.939
483,249,0.706
483,608,0.944
483,596,0.736
483,542,0.788
708,319,0.988
708,240,0.725
708,8,0.776
409,167,0.739
409,194,0.872
409,131,0.768
409,451,0.739
409,130,0.722
409,960,0.831
409,158,0.937
409,32,0.965
409,66,0.814
409,404,0.806
409,38,0.843
409,159,0.943
409,195,0.958
409,279,0.769
409,149,0.719
409,417,0.968
409,262,0.992
409,83,0.943
409,761,0.731
409,8,0.714
409,19,0.925
409,11,0.8
409,405,0.813
409,69,0.784
642,91,0.9
642,525,0.914
805,835,0.981
805,209,0.922
805,131,0.743
805,604,0.903
805,957,0.9
805,940,0.981
805,653,0.743
236,230,0.739
236,73,0.909
236,66,0.711
236,106,0.972
236,350,0.916
236,632,0.9
236,415,0.911
236,358,0.901
236,257,0.916
236,137,0.906
236,293,0.901
596,543,0.99
596,613,0.778
596,44,0.737
596,100,0.902
596,419,0.81
596,537,0.972
596,84,0.72
596,535,0.903
596,483,0.736
596,59,0.939
596,70,0.94
596,60,0.972
596,313,0.925
596,837,0.799
596,450,0.879
596,686,0.754
596,240,0.868
596,745,0.8
596,628,0.948
596,608,0.999
596,19,0.725
596,693,0.716
596,249,0.885
596,69,0.994
888,919,0.784
888,28,0.906
644,851,0.984
317,52,0.742
317,33,0.976
317,440,0.904
317,31,0.73
317,35,0.907
317,854,0.765
317,451,0.983
317,262,0.738
464,858,0.702
727,402,0.966
636,489,0.919
636,960,0.92
636,194,0.976
928,233,0.932
332,415,0.935
332,94,0.9
332,659,0.703
332,432,0.9
332,151,0.914
551,141,0.91
551,656,0.775
551,689,0.763
551,542,0.735
551,965,0.727
551,683,0.924
505,561,0.79
634,169,0.799
634,279,0.751
634,194,0.908
634,354,0.901
634,43,0.703
634,404,0.805
883,899,0.72
245,71,0.95
245,81,0.938
245,251,0.941
245,292,0.971
245,80,0.94
245,480,0.981
245,11,0.996
245,324,0.794
245,209,0.918
245,8,0.73
245,629,0.948
245,470,0.902
245,185,0.963
245,146,0.871
245,334,0.877
245,262,0.995
245,76,0.982
245,310,0.769
245,417,0.937
245,169,0.996
245,195,0.999
245,75,0.979
245,279,0.991
245,441,0.973
245,650,0.9
245,159,0.99
245,353,0.903
245,909,0.871
245,38,0.809
245,485,0.995
245,442,0.989
245,91,0.756
245,392,0.936
245,404,0.791
245,352,0.917
245,402,0.839
245,158,0.989
245,255,0.948
245,231,0.999
245,79,0.962
245,440,0.905
245,208,0.95
245,42,0.71
245,451,0.985
245,194,0.948
778,21,0.826
778,451,0.779
533,489,0.913
533,508,0.727
533,430,0.904
533,262,0.708
533,194,0.999
533,451,0.965
533,149,0.733
533,968,0.903
533,231,0.808
533,960,0.9
533,852,0.724
533,118,0.883
533,761,0.725
3,395,0.959
3,55,0.829
3,289,0.914
3,5,0.891
3,4,0.92
3,193,0.99
3,295,0.936
3,192,0.94
3,200,0.965
880,912,0.992
385,288,0.887
385,582,0.997
385,825,0.988
385,387,0.791
385,834,0.966
604,417,0.824
604,968,0.702
604,195,0.823
604,279,0.751
604,209,0.922
604,757,0.795
604,629,0.807
604,137,0.98
604,70,0.883
604,185,0.969
604,358,0.839
604,802,0.706
604,616,0.981
604,11,0.704
604,805,0.903
604,131,0.883
604,451,0.945
604,419,0.892
604,835,0.9
604,79,0.953
604,520,0.977
604,208,0.767
604,489,0.946
604,769,0.907
604,940,0.907
905,279,0.865
905,262,0.817
905,404,0.811
669,131,0.706
669,2,0.931
669,73,0.84
669,363,0.892
669,971,0.716
669,266,0.846
365,382,0.964
365,383,0.939
365,375,0.933
365,910,0.9
365,704,0.863
365,76,0.943
365,376,0.937
365,320,0.941
365,299,0.948
365,695,0.838
365,489,0.909
365,960,0.902
365,42,0.952
365,364,0.802
365,189,0.793
365,384,0.942
874,59,0.777
916,876,0.82
916,743,0.869
916,192,0.78
139,162,0.933
139,2,0.865
139,6,0.983
139,244,0.907
139,94,0.95
139,23,0.935
139,415,0.938
139,371,0.833
328,872,0.846
328,70,0.708
328,415,0.916
328,11,0.953
328,131,0.916
328,130,0.9
328,162,0.914
328,487,0.917
328,244,0.909
328,283,0.909
426,61,0.907
426,489,0.822
426,32,0.925
426,107,0.824
426,755,0.984
426,404,0.893
426,451,0.835
426,194,0.906
426,127,0.933
426,440,0.931
426,372,0.975
426,76,0.924
426,119,0.886
426,118,0.992
426,77,0.919
426,761,0.739
206,209,0.879
206,207,0.793
206,208,0.969
558,974,0.9
558,775,0.953
558,344,0.898
558,272,0.902
558,829,0.9
558,342,0.901
558,172,0.9
558,343,0.851
558,345,0.912
558,71,0.9
558,348,0.884
558,341,0.891
558,287,0.9
558,347,0.896
558,32,0.9
558,346,0.828
558,532,0.845
408,447,0.84
408,126,0.956
408,775,0.712
408,629,0.978
408,209,0.992
408,207,0.763
408,49,0.922
408,415,0.944
408,544,0.894
408,167,0.952
408,21,0.987
408,47,0.834
408,233,0.825
408,131,0.716
408,208,0.999
408,854,0.803
408,520,0.885
408,162,0.983
408,20,0.97
408,331,0.971
408,462,0.945
408,30,0.965
408,407,0.853
408,244,0.925
408,210,0.844
408,427,0.924
408,546,0.876
138,414,0.878
138,502,0.808
732,562,0.863
732,742,0.937
732,112,0.856
732,545,0.889
732,618,0.893
732,682,0.978
732,697,0.908
732,955,0.841
732,755,0.946
732,728,0.813
732,743,0.756
115,52,0.977
115,114,0.999
614,460,0.705
238,820,0.914
238,537,0.914
238,60,0.915
238,726,0.769
238,153,0.704
238,69,0.94
703,293,0.716
133,262,0.728
133,388,0.887
133,134,0.993
133,380,0.996
133,658,0.954
133,11,0.994
133,389,0.754
251,185,0.923
251,279,0.841
251,335,0.945
251,11,0.943
251,372,0.914
251,440,0.904
251,231,0.947
251,350,0.944
251,245,0.941
251,2,0.712
251,127,0.909
251,151,0.852
251,73,0.729
179,451,0.999
179,131,0.94
179,2,0.91
179,537,0.926
179,31,0.759
179,30,0.983
179,255,0.939
179,158,0.951
179,283,0.916
179,78,0.906
179,272,0.893
179,310,0.91
179,76,0.935
179,60,0.956
179,75,0.983
179,99,0.906
179,98,0.905
179,86,0.731
179,185,0.929
179,77,0.92
179,861,0.914
179,69,0.964
179,11,0.978
179,80,0.922
179,72,0.98
350,540,0.905
350,632,0.911
350,140,0.947
350,52,0.953
350,181,0.814
350,545,0.9
350,236,0.916
350,414,0.908
350,415,0.994
350,143,0.97
350,49,0.918
350,251,0.944
350,371,0.932
350,50,0.911
350,264,0.921
350,182,0.985
350,97,0.939
350,358,0.999
350,94,0.998
350,541,0.87
350,23,0.981
350,137,0.985
350,335,0.822
350,330,0.808
350,309,0.953
350,218,0.888
350,417,0.96
350,293,0.913
350,427,0.96
350,230,0.971
350,445,0.773
350,91,0.71
350,266,0.99
350,400,0.979
350,176,0.907
350,244,0.974
350,399,0.874
350,95,0.967
350,971,0.9
350,159,0.936
350,283,0.927
350,353,0.798
350,158,0.748
350,73,0.972
350,753,0.864
350,177,0.903
350,151,0.942
350,106,0.989
350,53,0.919
350,92,0.706
350,130,0.803
350,491,0.947
350,162,0.98
350,412,0.778
350,640,0.916
350,416,0.839
350,471,0.957
350,495,0.941
350,131,0.973
350,451,0.955
453,30,0.766
453,33,0.726
453,22,0.923
453,710,0.909
453,451,0.999
453,31,0.904
322,862,0.917
322,258,0.967
322,761,0.9
322,149,0.908
322,63,0.926
322,154,0.9
322,384,0.786
322,190,0.967
322,430,0.972
322,78,0.925
322,191,0.985
322,321,0.999
322,433,0.926
322,562,0.996
322,508,0.902
176,198,0.901
176,415,0.923
176,11,0.926
176,9,0.893
176,659,0.852
176,358,0.904
176,178,0.93
176,23,0.939
176,335,0.729
176,129,0.909
176,330,0.705
176,218,0.87
176,312,0.775
176,309,0.906
176,400,0.904
176,174,0.932
176,423,0.911
176,283,0.868
176,175,0.916
176,73,0.942
176,407,0.926
176,177,0.985
176,277,0.914
176,151,0.91
176,350,0.907
176,130,0.904
176,421,0.904
176,471,0.957
176,131,0.935
433,321,0.974
433,322,0.926
433,430,0.863
461,766,0.755
461,383,0.723
461,375,0.731
461,532,0.732
461,376,0.722
461,320,0.703
461,299,0.952
474,86,0.88
474,118,0.999
474,149,0.759
474,279,0.739
474,81,0.785
474,532,0.903
474,451,0.999
474,944,0.802
474,107,0.999
474,485,0.752
474,158,0.934
474,255,0.978
759,283,0.972
554,447,0.914
554,65,0.902
554,222,0.911
554,51,0.907
554,266,0.995
554,140,0.906
507,723,0.972
228,673,0.977
228,200,0.85
228,299,0.774
228,199,0.993
814,386,0.714
814,208,0.975
814,90,0.946
814,520,0.75
814,721,0.755
814,89,0.903
814,344,0.999
814,738,0.904
814,9,0.903
814,343,0.773
104,198,0.908
104,103,0.939
104,339,0.877
316,400,0.903
316,2,0.765
316,131,0.904
168,82,0.937
168,258,0.904
168,169,0.724
168,231,0.97
168,63,0.908
168,159,0.947
168,78,0.909
168,38,0.714
168,489,0.703
126,408,0.956
145,824,0.772
145,193,0.843
145,128,0.716
145,289,0.857
145,116,0.752
145,854,0.757
145,192,0.902
95,309,0.929
95,495,0.738
95,218,0.986
95,56,0.808
95,671,0.964
95,131,0.985
95,361,0.902
95,2,0.987
95,154,0.81
95,162,0.888
95,94,0.922
95,350,0.967
95,97,0.918
95,358,0.999
95,334,0.853
95,151,0.939
95,418,0.989
95,352,0.945
95,415,0.943
95,222,0.838
95,49,0.902
95,283,0.92
95,234,0.94
95,427,0.862
95,400,0.954
95,244,0.903
434,489,0.727
434,968,0.874
434,504,0.999
300,131,0.808
300,417,0.706
300,309,0.927
300,218,0.74
300,154,0.779
300,412,0.718
300,92,0.772
300,130,0.901
300,371,0.904
300,143,0.748
300,353,0.9
300,144,0.726
300,283,0.91
300,234,0.81
300,155,0.746
300,400,0.913
162,139,0.933
162,95,0.888
162,283,0.952
162,244,0.905
162,230,0.92
162,266,0.958
162,400,0.996
162,427,0.942
162,151,0.988
162,328,0.914
162,43,0.954
162,180,0.911
162,177,0.923
162,66,0.773
162,22,0.748
162,73,0.97
162,418,0.953
162,443,0.733
162,331,0.986
162,352,0.94
162,363,0.898
162,354,0.985
162,491,0.929
162,130,0.951
162,350,0.98
162,131,0.938
162,495,0.881
162,56,0.917
162,2,0.915
162,102,0.995
162,416,0.953
162,21,0.812
162,140,0.914
162,198,0.909
162,234,0.786
162,371,0.928
162,11,0.819
162,143,0.798
162,415,0.996
162,137,0.97
162,23,0.969
162,94,0.973
162,541,0.939
162,408,0.983
162,182,0.924
162,97,0.981
162,358,0.982
162,327,0.912
162,417,0.966
162,293,0.926
162,309,0.934
162,211,0.836
162,330,0.923
162,335,0.922
630,23,0.997
756,436,0.833
22,222,0.928
22,18,0.95
22,415,0.971
22,418,0.93
22,47,0.85
22,516,0.996
22,131,0.946
22,451,0.967
22,54,0.997
22,754,0.916
22,43,0.943
22,309,0.908
22,854,0.712
22,90,0.9
22,210,0.924
22,53,0.953
22,427,0.928
22,453,0.923
22,65,0.848
22,52,0.845
22,107,0.995
22,35,0.982
22,23,0.719
22,162,0.748
191,321,0.979
191,430,0.996
191,190,0.996
191,78,0.994
191,322,0.985
191,63,0.996
191,141,0.701
191,258,0.997
623,520,0.933
941,724,0.793
941,7,0.806
941,150,0.796
974,346,0.9
974,344,0.9
974,341,0.9
974,520,0.745
974,558,0.9
974,347,0.9
974,342,0.9
974,345,0.9
974,343,0.9
974,348,0.9
974,283,0.756
693,86,0.772
693,70,0.999
693,613,0.968
693,543,0.979
693,686,0.96
693,149,0.76
693,458,0.907
693,75,0.807
693,60,0.993
693,313,0.961
693,596,0.716
693,523,0.914
693,261,0.842
693,486,0.897
693,599,0.82
693,69,0.996
693,249,0.705
693,80,0.919
693,608,0.705
693,19,0.984
693,84,0.909
693,59,0.995
693,79,0.916
693,419,0.99
693,537,0.993
693,44,0.993
693,42,0.948
693,450,0.993
693,586,0.949
693,837,0.975
693,546,0.909
693,829,0.835
693,845,0.927
817,309,0.877
817,495,0.719
817,308,0.999
817,307,0.837
817,920,0.964
817,506,0.999
817,844,0.903
960,430,0.912
960,473,0.9
960,372,0.902
960,32,0.905
960,69,0.912
960,33,0.9
960,562,0.909
960,504,0.746
960,409,0.831
960,852,0.913
960,636,0.92
960,60,0.919
960,968,0.927
960,365,0.902
960,194,0.918
960,533,0.9
219,512,0.979
219,103,0.978
219,90,0.745
219,253,0.75
219,218,0.944
109,108,0.981
170,465,0.938
170,603,0.942
170,196,0.937
608,70,0.778
608,613,0.863
608,100,0.916
608,543,0.994
608,686,0.801
608,968,0.728
608,313,0.971
608,60,0.976
608,596,0.999
608,486,0.842
608,69,0.996
608,693,0.705
608,249,0.969
608,372,0.778
608,84,0.967
608,483,0.944
608,535,0.936
608,59,0.909
608,419,0.821
608,537,0.976
608,44,0.919
608,450,0.982
608,586,0.729
608,451,0.707
608,837,0.906
608,287,0.719
608,189,0.799
608,376,0.712
608,524,0.786
608,745,0.925
608,320,0.742
608,299,0.853
608,240,0.882
744,411,0.774
744,211,0.726
455,264,0.833
455,358,0.724
455,637,0.857
836,820,0.77
342,287,0.902
342,346,0.887
342,829,0.901
342,272,0.932
342,348,0.989
342,345,0.912
342,32,0.904
342,347,0.98
342,344,0.996
342,172,0.902
342,341,0.997
342,974,0.9
342,343,0.977
342,71,0.901
342,558,0.901
342,532,0.894
442,495,0.725
442,537,0.724
442,245,0.989
442,180,0.912
442,107,0.943
442,485,0.934
442,777,0.933
442,400,0.985
442,441,0.999
442,23,0.885
895,585,0.907
895,543,0.984
895,593,0.939
895,19,0.903
529,352,0.869
118,451,0.993
118,194,0.999
118,533,0.883
118,42,0.727
118,127,0.933
118,440,0.906
118,489,0.846
118,715,0.707
118,474,0.999
118,107,0.994
118,404,0.704
118,299,0.986
118,149,0.999
118,417,0.992
118,262,0.77
118,119,0.998
118,426,0.992
118,8,0.923
118,247,0.948
118,86,0.75
118,761,0.911
118,324,0.823
118,249,0.734
118,508,0.92
118,372,0.999
786,20,0.958
786,180,0.9
425,860,0.904
425,401,0.824
355,351,0.855
945,153,0.882
264,230,0.725
264,73,0.874
264,350,0.921
264,620,0.704
264,47,0.969
264,637,0.988
264,358,0.957
264,543,0.904
264,137,0.99
264,23,0.761
264,455,0.833
264,293,0.936
416,42,0.906
416,451,0.927
416,131,0.996
416,471,0.963
416,830,0.745
416,132,0.947
416,565,0.904
416,154,0.925
416,224,0.784
416,162,0.953
416,231,0.839
416,79,0.951
416,130,0.956
416,350,0.839
416,217,0.998
416,870,0.718
416,32,0.895
416,331,0.996
416,418,0.939
416,352,0.94
416,159,0.941
416,515,0.86
416,171,0.705
416,546,0.982
416,272,0.732
416,244,0.945
416,404,0.937
416,417,0.988
416,223,0.746
416,335,0.936
416,205,0.906
416,341,0.971
416,146,0.818
416,185,0.796
416,260,0.828
416,415,0.98
416,11,0.977
416,324,0.854
416,143,0.8
416,52,0.701
416,225,0.71
416,234,0.909
548,23,0.935
548,81,0.967
280,108,0.954
280,204,0.976
280,757,0.92
760,143,0.788
760,485,0.81
535,194,0.864
535,450,0.858
535,42,0.974
535,189,0.945
535,537,0.929
535,483,0.999
535,44,0.819
535,489,0.766
535,524,0.955
535,376,0.801
535,240,0.799
535,452,0.966
535,745,0.999
535,262,0.942
535,60,0.939
535,313,0.963
535,968,0.749
535,69,0.967
535,382,0.713
535,608,0.936
535,249,0.838
535,596,0.903
535,486,0.737
541,358,0.801
541,23,0.999
541,957,0.803
541,632,0.781
541,11,0.716
541,350,0.87
541,162,0.939
541,73,0.767
914,16,0.776
914,841,0.821
506,52,0.894
506,314,0.791
506,532,0.825
506,33,0.999
506,40,0.835
506,11,0.977
506,143,0.975
506,309,0.867
506,417,0.8
506,817,0.999
506,447,0.737
506,844,0.908
506,307,0.736
506,158,0.759
506,920,0.99
506,520,0.934
506,39,0.892
506,854,0.721
506,208,0.83
506,451,0.896
506,131,0.974
506,308,0.999
506,167,0.741
127,32,0.97
127,61,0.963
127,79,0.96
127,440,0.997
127,59,0.982
127,538,0.977
127,372,0.998
127,80,0.953
127,508,0.914
127,251,0.909
127,430,0.946
127,523,0.91
127,81,0.964
127,75,0.974
127,62,0.749
127,76,0.98
127,149,0.949
127,761,0.931
127,77,0.976
127,426,0.933
127,118,0.933
876,648,0.87
876,697,0.85
876,955,0.957
876,545,0.884
876,618,0.939
876,682,0.838
876,112,0.892
876,670,0.993
876,742,0.905
876,387,0.983
876,743,0.948
876,916,0.82
876,728,0.734
876,860,0.819
876,816,0.897
876,388,0.941
713,656,0.711
713,779,0.999
713,965,0.999
361,94,0.912
361,422,0.917
361,95,0.902
8,194,0.714
8,451,0.983
8,226,0.911
8,42,0.942
8,384,0.709
8,167,0.721
8,79,0.828
8,409,0.714
8,208,0.766
8,854,0.735
8,245,0.73
8,53,0.991
8,44,0.793
8,319,0.996
8,524,0.991
8,376,0.744
8,605,0.804
8,240,0.743
8,299,0.932
8,404,0.846
8,452,0.708
8,708,0.776
8,205,0.926
8,195,0.797
8,82,0.77
8,757,0.717
8,118,0.923
8,446,0.956
8,375,0.741
8,86,0.789
8,383,0.932
8,704,0.725
8,110,0.989
8,382,0.821
8,52,0.998
923,282,0.917
923,141,0.828
886,0,0.951
886,141,0.978
141,387,0.78
141,388,0.813
141,551,0.91
141,191,0.701
141,923,0.828
141,706,0.984
141,0,0.988
141,167,0.996
141,886,0.978
141,834,0.714
141,562,0.774
598,327,0.815
4,199,0.844
4,153,0.793
4,289,0.959
4,5,0.877
4,193,0.886
4,192,0.918
4,200,0.988
4,820,0.73
4,3,0.92
547,26,0.741
547,11,0.831
547,415,0.749
547,72,0.949
547,473,0.908
547,210,0.998
547,93,0.954
547,335,0.92
547,147,0.928
547,467,0.971
307,817,0.837
307,309,0.925
307,234,0.945
307,513,0.944
307,506,0.736
307,722,0.927
307,131,0.938
307,495,0.926
664,194,0.747
664,79,0.918
664,890,0.713
664,372,0.758
664,149,0.748
664,262,0.976
101,637,0.802
599,837,0.901
599,586,0.852
599,450,0.89
599,44,0.878
599,537,0.862
599,419,0.875
599,84,0.86
599,59,0.87
599,60,0.869
599,313,0.818
599,686,0.876
599,543,0.911
599,613,0.922
599,23,0.749
599,70,0.862
599,19,0.868
599,693,0.82
599,69,0.906
599,486,0.731
311,178,0.824
311,638,0.73
311,349,0.915
311,772,0.797
311,501,0.939
311,244,0.932
311,427,0.936
311,175,0.707
349,131,0.706
349,451,0.994
349,396,0.774
349,231,0.745
349,213,0.728
349,277,0.705
349,186,0.83
349,272,0.795
349,223,0.944
349,311,0.915
349,447,0.763
349,417,0.967
349,201,0.754
349,324,0.862
349,11,0.754
349,143,0.702
349,55,0.721
349,52,0.721
27,610,0.72
27,463,0.799
780,627,0.701
723,572,0.728
723,544,0.896
723,507,0.972
723,52,0.713
723,465,0.998
723,463,0.924
723,231,0.791
326,610,0.784
326,12,0.834
275,651,0.805
275,919,0.793
356,131,0.968
356,130,0.917
39,506,0.892
39,611,0.702
39,33,0.97
39,380,0.999
39,158,0.732
39,462,0.743
39,40,0.883
39,520,0.756
39,308,0.709
39,195,0.874
392,130,0.732
392,245,0.936
392,451,0.999
392,131,0.915
344,32,0.903
344,347,0.929
344,532,0.999
344,558,0.898
344,948,0.851
344,345,0.986
344,71,0.901
344,343,0.999
344,348,0.942
344,974,0.9
344,814,0.999
344,272,0.93
344,342,0.996
344,829,0.907
344,386,0.914
344,346,0.997
344,287,0.901
344,629,0.855
344,520,0.829
344,571,0.766
344,341,0.997
344,208,0.755
344,172,0.9
734,82,0.902
734,63,0.715
340,211,0.75
340,166,0.754
561,520,0.98
561,208,0.999
561,212,0.838
561,210,0.889
561,601,0.754
561,207,0.998
561,209,0.999
561,629,0.988
561,415,0.906
561,607,0.932
561,505,0.79
489,562,0.921
489,32,0.927
489,168,0.703
489,452,0.82
489,159,0.735
489,107,0.815
489,365,0.909
489,533,0.913
489,42,0.948
489,194,0.971
489,604,0.946
489,750,0.905
489,231,0.72
489,59,0.786
489,636,0.919
489,535,0.766
489,372,0.919
489,508,0.742
489,69,0.947
489,382,0.753
489,33,0.9
489,430,0.952
489,473,0.9
489,75,0.778
489,968,0.987
489,458,0.767
489,60,0.945
489,313,0.781
489,119,0.795
489,262,0.826
489,434,0.727
489,149,0.852
489,761,0.725
489,504,0.832
489,704,0.78
489,383,0.722
489,118,0.846
489,852,0.915
489,426,0.822
53,854,0.983
53,350,0.919
53,54,0.939
53,605,0.875
53,107,0.919
53,22,0.953
53,51,0.982
53,114,0.758
53,134,0.915
53,8,0.991
53,18,0.996
53,52,0.929
53,372,0.754
53,11,0.717
53,19,0.835
792,28,0.838
792,302,0.96
792,451,0.897
67,213,0.845
283,350,0.927
283,130,0.943
283,368,0.913
283,213,0.82
283,469,0.9
283,162,0.952
283,514,0.761
283,154,0.959
283,131,0.985
283,451,0.77
283,495,0.84
283,369,0.973
283,671,0.936
283,389,0.82
283,367,0.926
283,174,0.747
283,244,0.958
283,427,0.857
283,400,0.936
283,176,0.868
283,179,0.916
283,95,0.92
283,753,0.832
283,443,0.944
283,331,0.781
283,328,0.909
283,177,0.877
283,759,0.972
283,300,0.91
283,334,0.886
283,327,0.911
283,23,0.93
283,638,0.949
283,279,0.73
283,293,0.938
283,309,0.987
283,218,0.916
283,974,0.756
283,234,0.978
283,155,0.956
283,140,0.919
283,81,0.937
283,144,0.972
283,143,0.977
283,11,0.784
283,414,0.927
283,415,0.972
283,371,0.964
649,318,0.737
631,716,0.959
631,211,0.792
631,646,0.814
271,222,0.995
271,146,0.884
271,417,0.744
271,223,0.957
271,18,0.809
271,272,0.985
271,273,0.961
271,374,0.999
271,402,0.735
271,21,0.904
640,131,0.959
640,23,0.978
640,350,0.916
640,66,0.826
640,143,0.725
640,443,0.854
640,363,0.967
640,352,0.826
640,73,0.974
640,399,0.9
640,244,0.793
640,427,0.972
640,400,0.754
820,200,0.972
820,4,0.73
820,153,0.994
820,199,0.82
820,836,0.77
820,238,0.914
820,660,0.94
715,508,0.989
715,761,0.997
715,118,0.707
715,149,0.995
868,616,0.807
512,219,0.979
567,148,0.821
567,180,0.95
302,301,0.713
302,13,0.927
302,832,0.822
302,14,0.905
302,167,0.915
302,792,0.96
111,537,0.898
111,419,0.965
111,79,0.997
111,263,0.932
111,76,0.945
111,451,0.992
111,42,0.957
111,60,0.99
111,252,0.998
111,299,0.99
111,382,0.903
111,69,0.999
111,32,0.953
111,255,0.943
111,158,0.962
303,360,0.981
303,196,0.947
303,10,0.727
178,218,0.859
178,311,0.824
178,129,0.91
178,330,0.791
178,659,0.839
178,488,0.728
178,9,0.994
178,415,0.895
178,181,0.925
178,471,0.923
178,176,0.93
178,485,0.804
231,481,0.899
231,267,0.955
231,96,0.926
231,79,0.97
231,44,0.822
231,396,0.968
231,245,0.999
231,854,0.73
231,130,0.701
231,208,0.725
231,533,0.808
231,42,0.892
231,226,0.941
231,451,0.94
231,131,0.764
231,194,0.867
231,256,0.853
231,416,0.839
231,132,0.969
231,21,0.793
231,167,0.768
231,154,0.936
231,2,0.856
231,93,0.998
231,159,0.999
231,517,0.908
231,186,0.891
231,503,0.917
231,272,0.981
231,427,0.951
231,244,0.945
231,168,0.97
231,404,0.966
231,43,0.939
231,489,0.72
231,32,0.982
231,277,0.958
231,73,0.747
231,158,0.75
231,585,0.703
231,479,0.999
231,82,0.998
231,77,0.855
231,761,0.708
231,334,0.999
231,146,0.987
231,185,0.998
231,269,0.999
231,262,0.993
231,293,0.703
231,169,0.852
231,149,0.783
231,417,0.993
231,76,0.708
231,279,0.968
231,223,0.957
231,152,0.911
231,129,0.959
231,195,0.996
231,335,0.903
231,75,0.765
231,447,0.716
231,330,0.824
231,441,0.934
231,349,0.745
231,52,0.837
231,540,0.914
231,430,0.896
231,251,0.947
231,415,0.949
231,405,0.949
231,201,0.967
231,372,0.967
231,324,0.984
231,11,0.974
231,222,0.794
231,723,0.791
534,237,0.713
395,3,0.959
395,192,0.916
395,193,0.943
395,891,0.934
395,55,0.994
395,216,0.922
395,128,0.973
458,845,0.918
458,489,0.767
458,546,0.906
458,299,0.804
458,451,0.983
458,384,0.721
458,693,0.907
458,950,0.805
458,195,0.905
458,207,0.906
458,629,0.844
287,345,0.902
287,348,0.902
287,320,0.969
287,829,0.901
287,347,0.906
287,402,0.938
287,537,0.774
287,440,0.926
287,59,0.997
287,44,0.798
287,346,0.912
287,384,0.875
287,343,0.904
287,486,0.996
287,523,0.964
287,342,0.902
287,69,0.923
287,382,0.791
287,608,0.719
287,558,0.9
287,80,0.91
287,249,0.998
287,70,0.741
287,86,0.98
287,383,0.917
287,341,0.902
287,543,0.77
287,344,0.901
287,686,0.746
287,60,0.874
287,75,0.984
351,130,0.956
351,131,0.999
351,2,0.957
351,171,0.723
351,123,0.735
351,400,0.94
351,266,0.905
351,217,0.942
351,418,0.971
351,137,0.799
351,23,0.934
351,94,0.952
351,417,0.802
351,218,0.998
351,309,0.927
351,355,0.855
351,49,0.963
351,11,0.975
351,415,0.997
225,417,0.747
225,224,0.999
225,416,0.71
834,562,0.71
834,582,0.991
834,825,0.999
834,388,0.826
834,385,0.966
834,141,0.714
834,387,0.883
501,311,0.939
501,134,0.999
481,159,0.926
481,103,0.918
481,430,0.813
481,482,0.726
481,32,0.733
481,508,0.902
481,415,0.92
481,222,0.72
481,324,0.972
481,231,0.899
481,82,0.943
481,761,0.918
481,185,0.984
481,334,0.818
481,262,0.956
481,451,0.72
481,149,0.928
481,169,0.73
481,330,0.8
369,370,0.708
369,367,0.998
369,283,0.973
369,73,0.807
369,415,0.902
369,243,0.985
369,363,0.893
369,11,0.971
369,334,0.805
369,368,0.985
369,23,0.917
686,543,0.999
686,613,0.968
686,86,0.833
686,70,0.984
686,60,0.969
686,313,0.975
686,62,0.752
686,486,0.896
686,261,0.717
686,71,0.71
686,596,0.754
686,608,0.801
686,19,0.993
686,693,0.96
686,69,0.964
686,599,0.876
686,44,0.978
686,537,0.966
686,419,0.965
686,59,0.966
686,84,0.98
686,287,0.746
686,837,0.948
686,586,0.913
686,42,0.708
686,450,0.968
686,237,0.707
65,223,0.789
65,447,0.84
65,18,0.991
65,56,0.909
65,309,0.933
65,417,0.753
65,396,0.796
65,334,0.934
65,208,0.985
65,354,0.849
65,213,0.779
65,209,0.773
65,22,0.848
65,11,0.956
65,222,0.93
65,374,0.988
65,43,0.794
65,66,0.715
65,272,0.976
65,244,0.794
65,554,0.902
2,669,0.931
2,451,0.99
2,131,0.89
2,42,0.788
2,102,0.923
2,440,0.913
2,79,0.952
2,162,0.915
2,59,0.933
2,231,0.856
2,208,0.852
2,32,0.949
2,61,0.924
2,73,0.835
2,418,0.965
2,363,0.897
2,179,0.91
2,139,0.865
2,95,0.987
2,351,0.957
2,244,0.908
2,266,0.859
2,400,0.964
2,76,0.922
2,279,0.737
2,75,0.925
2,629,0.767
2,94,0.997
2,358,0.855
2,77,0.919
2,260,0.781
2,251,0.712
2,143,0.762
2,316,0.765
2,415,0.97
2,80,0.949
2,372,0.986
2,81,0.962
2,140,0.865
2,632,0.738
2,437,0.953
122,159,0.927
122,185,0.704
122,451,0.715
562,141,0.774
562,960,0.909
562,955,0.89
562,755,0.839
562,697,0.76
562,322,0.996
562,834,0.71
562,489,0.921
562,321,0.787
562,742,0.894
562,387,0.78
562,968,0.908
562,430,0.867
562,825,0.732
562,682,0.768
562,732,0.863
70,44,0.999
70,84,0.994
70,59,0.999
70,419,0.999
70,537,0.999
70,837,0.991
70,287,0.741
70,450,0.987
70,586,0.98
70,604,0.883
70,829,0.933
70,299,0.924
70,107,0.781
70,402,0.872
70,494,0.725
70,328,0.708
70,613,0.981
70,327,0.76
70,543,0.998
70,86,0.947
70,62,0.958
70,75,0.987
70,313,0.999
70,60,0.999
70,686,0.984
70,262,0.712
70,76,0.706
70,523,0.979
70,261,0.804
70,72,0.769
70,486,0.944
70,596,0.94
70,71,0.884
70,542,0.755
70,140,0.825
70,693,0.999
70,249,0.954
70,538,0.715
70,19,0.987
70,608,0.778
70,599,0.862
70,69,0.999
944,474,0.802
414,138,0.878
414,415,0.94
414,49,0.971
414,423,0.758
414,283,0.927
414,52,0.978
414,47,0.85
414,23,0.931
414,358,0.919
414,350,0.908
679,208,0.899
16,52,0.709
16,914,0.776
117,90,0.933
117,130,0.917
117,471,0.902
117,131,0.926
117,89,0.804
117,781,0.71
117,423,0.703
117,407,0.755
117,432,0.903
117,137,0.968
117,279,0.919
117,129,0.9
117,447,0.905
117,140,0.835
117,415,0.988
117,826,0.995
825,385,0.988
825,387,0.945
825,562,0.732
825,582,0.998
825,834,0.999
61,51,0.77
61,32,0.905
61,69,0.99
61,415,0.928
61,418,0.948
61,372,0.989
61,80,0.994
61,402,0.738
61,538,0.8
61,628,0.807
61,71,0.924
61,81,0.959
61,78,0.953
61,523,0.925
61,299,0.916
61,244,0.921
61,63,0.961
61,76,0.999
61,62,0.767
61,127,0.963
61,75,0.999
61,2,0.924
61,60,0.93
61,258,0.902
61,59,0.805
61,426,0.907
61,440,0.934
61,79,0.996
61,77,0.999
423,176,0.911
423,117,0.703
423,407,0.999
423,177,0.911
423,362,0.905
423,421,0.999
423,422,0.885
423,414,0.758
423,502,0.925
423,209,0.745
304,360,0.796
304,305,0.902
304,47,0.77
304,306,0.996
415,333,0.922
415,175,0.778
415,139,0.938
415,117,0.988
415,283,0.972
415,159,0.936
415,95,0.943
415,399,0.971
415,332,0.935
415,244,0.949
415,174,0.865
415,351,0.997
415,367,0.946
415,176,0.923
415,400,0.993
415,266,0.947
415,230,0.935
415,445,0.997
415,427,0.975
415,272,0.977
415,781,0.757
415,328,0.916
415,151,0.984
415,32,0.983
415,277,0.704
415,43,0.941
415,61,0.928
415,66,0.985
415,177,0.925
415,180,0.947
415,22,0.971
415,73,0.989
415,363,0.934
415,352,0.935
415,331,0.971
415,443,0.98
415,418,0.968
415,354,0.718
415,368,0.925
415,79,0.946
415,481,0.92
415,162,0.996
415,491,0.933
415,231,0.949
415,130,0.986
415,350,0.994
415,64,0.932
415,106,0.989
415,451,0.925
415,131,0.995
415,671,0.992
415,637,0.794
415,369,0.902
415,495,0.949
415,154,0.947
415,2,0.97
415,102,0.997
415,514,0.966
415,416,0.98
415,561,0.906
415,21,0.78
415,181,0.915
415,144,0.921
415,140,0.974
415,632,0.928
415,473,0.755
415,234,0.787
415,371,0.966
415,9,0.989
415,260,0.995
415,69,0.95
415,324,0.739
415,11,0.985
415,49,0.926
415,222,0.891
415,143,0.985
415,414,0.94
415,372,0.77
415,236,0.911
415,80,0.959
415,137,0.999
415,23,0.993
415,257,0.96
415,94,0.999
415,408,0.944
415,334,0.88
415,146,0.804
415,178,0.895
415,358,0.999
415,97,0.992
415,182,0.958
415,77,0.928
415,547,0.749
415,327,0.92
415,659,0.911
415,293,0.935
415,417,0.999
415,76,0.935
415,262,0.752
415,218,0.959
415,309,0.971
415,447,0.839
415,195,0.896
415,129,0.953
415,335,0.923
973,407,0.9
973,424,0.902
973,421,0.97
973,422,0.981
383,524,0.951
383,376,0.958
383,605,0.797
383,452,0.91
383,299,0.991
383,486,0.948
383,240,0.892
383,320,0.798
383,78,0.877
383,382,0.999
383,69,0.974
383,489,0.722
383,695,0.973
383,110,0.793
383,319,0.718
383,249,0.981
383,461,0.723
383,8,0.932
383,375,0.975
383,86,0.99
383,704,0.846
383,364,0.971
383,76,0.791
383,451,0.962
383,42,0.908
383,205,0.9
383,384,0.999
383,365,0.939
383,287,0.917
383,189,0.962
383,75,0.912
893,463,0.706
893,901,0.802
447,43,0.866
447,66,0.989
447,20,0.756
447,88,0.984
447,117,0.905
447,186,0.742
447,272,0.84
447,427,0.994
447,244,0.818
447,554,0.914
447,495,0.819
447,131,0.838
447,471,0.774
447,565,0.827
447,167,0.732
447,231,0.716
447,354,0.761
447,213,0.796
447,396,0.829
447,208,0.992
447,415,0.839
447,11,0.742
447,222,0.971
447,506,0.737
447,349,0.763
447,309,0.856
447,417,0.777
447,223,0.927
447,18,0.944
447,211,0.999
447,972,0.999
447,408,0.84
447,207,0.873
447,65,0.84
447,23,0.943
536,869,0.711
536,771,0.998
536,700,0.999
536,136,0.704
255,222,0.861
255,11,0.99
255,80,0.951
255,417,0.884
255,75,0.878
255,99,0.809
255,334,0.917
255,111,0.943
255,474,0.978
255,158,0.91
255,179,0.939
255,451,0.998
255,245,0.948
411,744,0.774
781,415,0.757
781,117,0.71
107,404,0.766
107,210,0.996
107,485,0.927
107,442,0.943
107,489,0.815
107,22,0.995
107,474,0.999
107,118,0.994
107,426,0.824
107,35,0.918
107,70,0.781
107,146,0.987
107,334,0.854
107,185,0.756
107,53,0.919
107,149,0.797
107,516,0.961
107,451,0.999
107,194,0.913
107,54,0.917
107,441,0.906
140,443,0.996
140,73,0.962
140,283,0.919
140,117,0.835
140,266,0.957
140,554,0.906
140,244,0.905
140,6,0.745
140,2,0.865
140,59,0.838
140,84,0.829
140,491,0.947
140,162,0.914
140,350,0.947
140,90,0.819
140,69,0.825
140,371,0.969
140,415,0.974
140,309,0.919
140,293,0.907
140,313,0.922
140,70,0.825
140,257,0.93
197,198,0.997
341,346,0.879
341,287,0.902
341,132,0.91
341,416,0.971
341,347,0.981
341,32,0.904
341,345,0.919
341,348,0.977
341,272,0.937
341,829,0.901
341,344,0.997
341,172,0.902
341,532,0.914
341,558,0.891
341,343,0.994
341,71,0.9
341,974,0.9
341,342,0.997
867,504,0.917
867,743,0.921
867,112,0.851
867,286,0.743
867,618,0.839
867,682,0.987
440,450,0.926
440,42,0.921
440,63,0.914
440,262,0.94
440,417,0.72
440,451,0.861
440,76,0.944
440,127,0.997
440,75,0.964
440,287,0.926
440,2,0.913
440,60,0.948
440,59,0.957
440,86,0.922
440,426,0.931
440,118,0.906
440,79,0.927
440,77,0.945
440,245,0.905
440,61,0.934
440,251,0.904
440,32,0.945
440,695,0.914
440,69,0.957
440,372,0.998
440,80,0.923
440,538,0.794
440,317,0.904
440,71,0.946
440,81,0.942
440,523,0.931
440,261,0.948
440,299,0.94
440,430,0.91
440,486,0.918
401,950,0.999
401,860,0.97
401,425,0.824
401,692,0.804
397,5,0.721
397,150,0.82
397,615,0.918
397,478,0.745
397,116,0.863
397,462,0.707
397,167,0.725
397,854,0.942
777,441,0.928
777,442,0.933
777,38,0.954
207,185,0.91
207,408,0.763
207,134,0.836
207,209,0.947
207,629,0.974
207,458,0.906
207,211,0.839
207,447,0.873
207,607,0.984
207,372,0.9
207,206,0.793
207,285,0.903
207,157,0.814
207,887,0.901
207,208,0.832
207,531,0.992
207,570,0.912
207,943,0.901
207,561,0.998
207,167,0.731
207,131,0.798
207,451,0.998
207,591,0.76
207,210,0.964
207,212,0.991
207,494,0.914
207,769,0.911
427,266,0.819
427,400,0.975
427,272,0.955
427,244,0.967
427,159,0.941
427,95,0.862
427,283,0.857
427,73,0.846
427,418,0.954
427,363,0.846
427,352,0.996
427,22,0.928
427,43,0.973
427,151,0.946
427,350,0.96
427,162,0.942
427,231,0.951
427,412,0.92
427,213,0.721
427,640,0.972
427,495,0.839
427,56,0.981
427,415,0.975
427,432,0.911
427,94,0.761
427,408,0.924
427,137,0.876
427,23,0.822
427,311,0.936
427,447,0.994
427,309,0.937
427,417,0.967
427,556,0.92
726,238,0.769
726,279,0.962
92,525,0.937
92,300,0.772
92,257,0.769
92,21,0.827
92,350,0.706
92,526,0.772
92,91,0.81
92,230,0.775
314,506,0.791
446,32,0.927
446,404,0.72
446,262,0.935
446,323,0.914
446,279,0.838
446,205,0.992
446,8,0.956
446,504,0.708
137,102,0.994
137,514,0.835
137,604,0.98
137,293,0.953
137,131,0.896
137,358,0.999
137,350,0.985
137,264,0.99
137,106,0.916
137,585,0.781
137,23,0.811
137,362,0.711
137,162,0.97
137,11,0.842
137,415,0.999
137,73,0.988
137,331,0.829
137,236,0.906
137,351,0.799
137,266,0.982
137,445,0.995
137,427,0.876
137,52,0.712
137,117,0.968
137,632,0.933
114,115,0.999
114,52,0.99
114,53,0.758
718,21,0.82
835,209,0.912
835,604,0.9
835,940,0.999
835,805,0.981
593,895,0.939
593,585,0.904
399,640,0.9
399,130,0.969
399,350,0.874
399,23,0.901
399,94,0.887
399,415,0.971
399,151,0.905
390,226,0.991
502,421,0.933
502,423,0.925
502,407,0.951
502,138,0.808
502,66,0.788
148,567,0.821
148,180,0.964
148,615,0.814
436,756,0.833
436,832,0.789
299,543,0.757
299,77,0.989
299,118,0.986
299,8,0.932
299,383,0.991
299,70,0.924
299,375,0.999
299,86,0.835
299,910,0.958
299,313,0.759
299,60,0.97
299,458,0.804
299,75,0.999
299,968,0.895
299,76,0.999
299,486,0.965
299,538,0.959
299,608,0.853
299,249,0.996
299,372,0.934
299,461,0.952
299,382,0.999
299,110,0.706
299,69,0.997
299,263,0.853
299,440,0.94
299,419,0.757
299,79,0.999
299,537,0.856
299,59,0.976
299,384,0.975
299,365,0.948
299,189,0.997
299,228,0.774
299,451,0.852
299,450,0.836
299,42,0.941
299,452,0.893
299,240,0.999
299,829,0.943
299,320,0.888
299,524,0.755
299,498,0.831
299,546,0.713
299,376,0.999
299,319,0.97
299,418,0.9
299,32,0.984
299,111,0.99
299,61,0.916
807,627,0.93
169,159,0.806
169,168,0.724
169,634,0.799
169,78,0.908
169,32,0.946
169,482,0.845
169,231,0.852
169,481,0.73
169,245,0.996
169,194,0.833
169,63,0.908
169,42,0.952
169,93,0.71
169,430,0.732
169,82,0.82
169,258,0.904
169,146,0.804
169,279,0.776
129,73,0.93
129,415,0.953
129,11,0.966
129,177,0.91
129,292,0.705
129,9,0.937
129,277,0.863
129,176,0.909
129,174,0.922
129,117,0.9
129,175,0.92
129,471,0.939
129,195,0.962
129,93,0.939
129,312,0.953
129,131,0.947
129,130,0.963
129,178,0.91
129,257,0.919
129,231,0.959
129,23,0.96
439,262,0.902
439,451,0.935
439,211,0.9
439,79,0.917
439,33,0.9
439,20,0.912
439,324,0.861
439,143,0.943
439,52,0.932
439,234,0.927
439,261,0.94
475,391,0.837
475,189,0.702
173,277,0.739
173,259,0.704
173,457,0.801
173,55,0.786
41,259,0.799
41,55,0.709
41,824,0.772
388,834,0.826
388,133,0.887
388,380,0.801
388,389,0.809
388,648,0.971
388,465,0.822
388,816,0.797
388,876,0.941
388,135,0.724
388,141,0.813
388,670,0.921
388,11,0.839
388,969,0.967
388,859,0.817
388,387,0.999
388,134,0.996
388,99,0.807
658,11,0.951
658,133,0.954
658,380,0.967
658,654,0.999
658,801,0.961
658,844,0.912
658,842,0.705
40,380,0.986
40,451,0.943
40,506,0.835
40,39,0.883
40,520,0.763
701,262,0.912
220,171,0.763
220,324,0.885
220,382,0.9
220,257,0.956
220,256,0.949
220,451,0.963
220,131,0.971
220,218,0.85
579,62,0.981
579,47,0.797
398,106,0.981
25,924,0.968
452,695,0.999
452,69,0.861
452,489,0.82
452,382,0.977
452,372,0.894
452,249,0.773
452,524,0.904
452,240,0.741
452,299,0.893
452,42,0.999
452,451,0.999
452,364,0.881
452,189,0.706
452,60,0.713
452,313,0.99
452,86,0.997
452,483,0.974
452,535,0.966
452,383,0.91
452,8,0.708
452,704,0.998
655,463,0.71
655,480,0.796
704,313,0.912
704,60,0.952
704,8,0.725
704,86,0.974
704,383,0.846
704,249,0.783
704,382,0.834
704,486,0.973
704,72,0.888
704,81,0.729
704,71,0.998
704,189,0.817
704,365,0.863
704,451,0.998
704,364,0.995
704,42,0.999
704,136,0.718
704,537,0.895
704,79,0.765
704,59,0.775
704,489,0.78
704,695,0.939
704,240,0.765
704,452,0.998
704,524,0.895
347,344,0.929
347,775,0.704
347,172,0.901
347,341,0.981
347,287,0.906
347,346,0.839
347,974,0.9
347,342,0.98
347,829,0.902
347,272,0.914
347,348,0.994
347,71,0.904
347,345,0.881
347,343,0.875
347,558,0.896
347,32,0.902
347,532,0.78
757,158,0.999
757,280,0.92
757,763,0.934
757,93,0.819
757,604,0.795
757,451,0.781
757,194,0.805
757,8,0.717
510,78,0.775
510,63,0.708
556,244,0.924
556,427,0.92
556,43,0.993
556,616,0.764
211,212,0.814
211,116,0.703
211,631,0.792
211,591,0.945
211,716,0.947
211,812,0.943
211,167,0.876
211,531,0.884
211,162,0.836
211,646,0.788
211,208,0.972
211,854,0.787
211,615,0.986
211,439,0.9
211,627,0.728
211,662,0.882
211,744,0.726
211,52,0.77
211,15,0.911
211,340,0.75
211,447,0.999
211,207,0.839
211,672,0.874
211,209,0.942
722,307,0.927
722,559,0.77
722,308,0.967
722,495,0.906
722,544,0.824
722,513,0.917
520,506,0.934
520,52,0.701
520,814,0.75
520,974,0.745
520,40,0.763
520,222,0.979
520,11,0.705
520,408,0.885
520,629,0.736
520,585,0.999
520,344,0.829
520,336,0.884
520,269,0.796
520,62,0.71
520,623,0.933
520,223,0.944
520,909,0.871
520,272,0.932
520,822,0.8
520,920,0.822
520,331,0.717
520,462,0.965
520,39,0.756
520,208,0.716
520,604,0.977
520,451,0.824
520,308,0.811
520,561,0.98
430,191,0.996
430,190,0.999
430,372,0.966
430,204,0.738
430,504,0.759
430,258,0.966
430,968,0.938
430,262,0.918
430,169,0.732
430,78,0.983
430,404,0.779
430,465,0.846
430,650,0.975
430,322,0.972
430,159,0.822
430,560,0.919
430,562,0.867
430,433,0.863
430,321,0.973
430,489,0.952
430,960,0.912
430,481,0.813
430,231,0.896
430,440,0.91
430,127,0.946
430,167,0.81
430,93,0.981
430,533,0.904
430,63,0.945
430,451,0.999
430,194,0.948
252,73,0.785
252,111,0.998
252,485,0.825
252,335,0.773
252,293,0.919
252,336,0.737
252,263,0.998
227,513,0.912
34,289,0.981
146,82,0.984
146,231,0.987
146,245,0.871
146,451,0.977
146,169,0.804
146,42,0.774
146,224,0.913
146,195,0.702
146,416,0.818
146,81,0.781
146,107,0.987
146,159,0.975
146,271,0.884
146,415,0.804
339,198,0.911
339,104,0.877
329,842,0.788
582,387,0.915
582,385,0.997
582,825,0.998
582,288,0.866
582,834,0.991
653,805,0.743
653,532,0.726
653,130,0.912
653,90,0.802
653,131,0.934
616,741,0.784
616,371,0.831
616,97,0.743
616,134,0.944
616,556,0.764
616,868,0.807
616,136,0.851
616,132,0.718
616,451,0.743
616,604,0.981
901,921,0.936
901,893,0.802
670,388,0.921
670,816,0.892
670,387,0.981
670,743,0.931
670,876,0.993
670,728,0.71
670,112,0.978
670,742,0.802
670,648,0.771
670,955,0.83
670,755,0.775
670,697,0.859
670,618,0.831
670,682,0.843
30,334,0.903
30,854,0.948
30,453,0.766
30,52,0.948
30,31,0.845
30,179,0.983
30,35,0.876
30,408,0.965
30,11,0.994
30,330,0.977
30,331,0.907
30,33,0.995
30,293,0.756
930,5,0.736
602,451,0.713
331,659,0.716
331,172,0.914
331,432,0.9
331,334,0.845
331,408,0.971
331,94,0.911
331,137,0.829
331,218,0.939
331,309,0.939
331,310,0.906
331,417,0.984
331,52,0.984
331,415,0.971
331,260,0.788
331,371,0.826
331,136,0.989
331,106,0.901
331,162,0.986
331,520,0.717
331,416,0.996
331,495,0.827
331,451,0.987
331,272,0.945
331,400,0.977
331,210,0.797
331,244,0.954
331,283,0.781
331,333,0.85
331,363,0.91
331,30,0.907
331,277,0.936
331,151,0.954
613,686,0.968
613,313,0.999
613,60,0.986
613,62,0.816
613,70,0.981
613,86,0.805
613,543,0.999
613,599,0.922
613,69,0.986
613,19,0.992
613,608,0.863
613,249,0.848
613,693,0.968
613,596,0.778
613,486,0.861
613,586,0.945
613,450,0.99
613,837,0.977
613,537,0.983
613,419,0.976
613,84,0.977
613,59,0.969
613,44,0.974
613,320,0.772
282,923,0.917
12,326,0.834
412,325,0.832
412,427,0.92
412,91,0.72
412,230,0.905
412,66,0.999
412,151,0.923
412,73,0.923
412,257,0.702
412,23,0.938
412,300,0.718
412,350,0.778
412,471,0.715
795,288,0.785
795,627,0.867
795,662,0.752
795,591,0.854
795,822,0.722
795,15,0.741
795,812,0.999
13,301,0.977
13,832,0.922
13,196,0.825
13,23,0.723
13,14,0.977
13,302,0.927
13,167,0.997
69,62,0.934
69,75,0.987
69,968,0.974
69,872,0.818
69,60,0.999
69,313,0.996
69,238,0.94
69,262,0.809
69,686,0.964
69,149,0.997
69,310,0.967
69,76,0.933
69,613,0.986
69,77,0.926
69,543,0.98
69,258,0.94
69,383,0.974
69,86,0.945
69,70,0.999
69,375,0.782
69,693,0.996
69,666,0.794
69,415,0.95
69,249,0.975
69,372,0.996
69,80,0.977
69,538,0.995
69,608,0.996
69,19,0.991
69,371,0.906
69,599,0.906
69,33,0.715
69,382,0.809
69,285,0.909
69,523,0.999
69,261,0.826
69,72,0.998
69,486,0.969
69,596,0.994
69,71,0.996
69,52,0.749
69,140,0.825
69,287,0.923
69,837,0.995
69,450,0.996
69,42,0.906
69,63,0.983
69,586,0.985
69,451,0.977
69,131,0.828
69,44,0.999
69,263,0.951
69,887,0.921
69,84,0.991
69,535,0.967
69,483,0.939
69,960,0.912
69,59,0.999
69,409,0.784
69,440,0.957
69,79,0.999
69,570,0.931
69,419,0.982
69,943,0.921
69,537,0.999
69,494,0.917
69,61,0.99
69,111,0.999
69,108,0.912
69,32,0.992
69,769,0.927
69,489,0.947
69,829,0.985
69,78,0.98
69,745,0.957
69,320,0.857
69,299,0.997
69,244,0.89
69,452,0.861
69,240,0.799
69,237,0.99
69,376,0.738
69,179,0.964
235,23,0.905
235,73,0.719
601,561,0.754
198,104,0.908
198,309,0.901
198,339,0.911
198,97,0.915
198,162,0.909
198,354,0.947
198,352,0.919
198,177,0.9
198,197,0.997
198,378,0.739
198,176,0.901
198,400,0.9
198,103,0.903
198,333,0.909
224,400,0.967
224,225,0.999
224,418,0.945
224,352,0.972
224,146,0.913
224,416,0.784
224,309,0.903
224,417,0.787
50,350,0.911
50,358,0.919
50,517,0.923
50,49,0.999
494,70,0.725
494,207,0.914
494,943,0.961
494,537,0.912
494,209,0.921
494,570,0.982
494,44,0.935
494,208,0.921
494,887,0.874
494,543,0.907
494,450,0.902
494,678,0.827
494,60,0.914
494,675,0.929
494,285,0.958
494,733,0.948
494,769,0.964
494,69,0.917
494,809,0.847
494,19,0.9
190,430,0.999
190,78,0.931
190,191,0.996
190,322,0.967
190,560,0.961
190,321,0.964
190,258,0.962
190,63,0.939
362,514,0.75
362,421,0.766
362,137,0.711
362,424,0.751
362,423,0.905
226,159,0.923
226,400,0.932
226,231,0.941
226,491,0.996
226,419,0.916
226,495,0.819
226,637,0.945
226,93,0.924
226,514,0.987
226,11,0.996
226,8,0.911
226,358,0.999
226,504,0.969
226,309,0.858
226,293,0.869
226,390,0.991
627,705,0.795
627,795,0.867
627,812,0.895
627,211,0.728
627,15,0.915
627,591,0.822
627,807,0.93
627,780,0.701
627,288,0.774
99,388,0.807
99,172,0.916
99,387,0.819
99,451,0.952
99,158,0.824
99,255,0.809
99,485,0.998
99,648,0.805
99,179,0.906
99,524,0.733
477,451,0.961
477,194,0.969
477,762,0.923
477,11,0.937
269,159,0.945
269,52,0.712
269,503,0.928
269,55,0.812
269,201,0.991
269,11,0.776
269,231,0.999
269,79,0.81
269,96,0.972
269,520,0.796
269,585,0.999
269,262,0.758
269,451,0.76
269,93,0.96
62,59,0.851
62,520,0.71
62,537,0.824
62,79,0.748
62,419,0.779
62,44,0.724
62,450,0.769
62,63,0.721
62,127,0.749
62,837,0.856
62,61,0.767
62,402,0.999
62,70,0.958
62,579,0.981
62,77,0.781
62,613,0.816
62,543,0.798
62,686,0.752
62,76,0.786
62,75,0.831
62,60,0.854
62,313,0.742
62,261,0.783
62,69,0.934
62,538,0.764
181,178,0.925
181,350,0.814
181,131,0.839
181,415,0.915
290,73,0.957
290,84,0.719
290,44,0.753
290,514,0.99
290,542,0.91
290,291,0.996
290,23,0.939
290,313,0.812
151,418,0.925
151,331,0.954
151,363,0.896
151,753,0.871
151,400,0.995
151,176,0.91
151,427,0.946
151,244,0.943
151,399,0.905
151,95,0.939
151,332,0.914
151,333,0.92
151,353,0.806
151,131,0.98
151,350,0.942
151,162,0.988
151,412,0.923
151,415,0.984
151,143,0.746
151,251,0.852
151,540,0.911
151,358,0.999
151,94,0.979
151,23,0.938
793,628,0.818
793,262,0.885
753,350,0.864
753,432,0.701
753,23,0.999
753,66,0.99
753,151,0.871
753,283,0.832
33,960,0.9
33,39,0.97
33,31,0.998
33,35,0.989
33,854,0.967
33,334,0.813
33,45,0.72
33,6,0.72
33,417,0.936
33,451,0.995
33,93,0.913
33,317,0.976
33,506,0.999
33,52,0.818
33,453,0.726
33,439,0.9
33,30,0.995
33,489,0.9
33,69,0.715
33,462,0.865
33,11,0.944
183,131,0.92
183,218,0.997
183,309,0.84
183,253,0.728
183,182,0.904
183,11,0.973
183,234,0.934
183,400,0.94
102,618,0.882
102,260,0.938
102,143,0.885
102,415,0.997
102,137,0.994
102,23,0.999
102,293,0.924
102,309,0.921
102,218,0.921
102,445,0.99
102,400,0.822
102,485,0.939
102,73,0.969
102,352,0.858
102,363,0.896
102,422,0.918
102,162,0.995
102,130,0.943
102,74,0.977
102,131,0.993
102,6,0.928
102,2,0.923
102,514,0.944
102,687,0.732
651,275,0.805
373,149,0.853
373,372,0.939
373,194,0.908
482,324,0.898
482,11,0.936
482,185,0.868
482,481,0.726
482,460,0.824
482,169,0.845
73,252,0.785
73,140,0.962
73,52,0.801
73,632,0.999
73,11,0.992
73,236,0.909
73,415,0.989
73,251,0.729
73,358,0.995
73,334,0.971
73,264,0.874
73,659,0.897
73,23,0.978
73,137,0.988
73,98,0.922
73,94,0.762
73,541,0.767
73,335,0.943
73,129,0.93
73,293,0.999
73,309,0.954
73,262,0.704
73,235,0.719
73,427,0.846
73,445,0.881
73,266,0.998
73,176,0.942
73,971,0.751
73,443,0.992
73,363,0.918
73,898,0.995
73,290,0.957
73,177,0.954
73,66,0.97
73,43,0.944
73,350,0.972
73,130,0.896
73,106,0.916
73,412,0.923
73,231,0.747
73,491,0.967
73,162,0.97
73,514,0.999
73,102,0.969
73,2,0.835
73,640,0.974
73,471,0.945
73,555,0.971
73,131,0.978
73,669,0.84
73,87,0.708
73,24,0.999
73,495,0.85
73,369,0.807
73,637,0.88
937,647,0.92
947,402,0.996
947,451,0.946
79,664,0.918
79,244,0.914
79,299,0.999
79,829,0.853
79,78,0.948
79,402,0.968
79,418,0.938
79,158,0.977
79,32,0.999
79,61,0.996
79,111,0.997
79,245,0.962
79,537,0.927
79,440,0.927
79,231,0.97
79,59,0.999
79,93,0.938
79,167,0.752
79,2,0.952
79,127,0.96
79,416,0.951
79,451,0.999
79,604,0.953
79,63,0.944
79,42,0.709
79,486,0.814
79,523,0.995
79,81,0.942
79,52,0.994
79,71,0.888
79,538,0.996
79,11,0.993
79,372,0.982
79,80,0.948
79,415,0.946
79,693,0.916
79,69,0.999
79,382,0.907
79,439,0.917
79,704,0.765
79,77,0.999
79,23,0.942
79,8,0.828
79,82,0.912
79,86,0.759
79,258,0.901
79,60,0.998
79,195,0.95
79,75,0.999
79,62,0.748
79,76,0.999
79,417,0.995
79,262,0.981
79,269,0.81
359,525,0.908
359,830,0.913
525,91,0.946
525,642,0.914
525,243,0.72
525,92,0.937
525,830,0.901
525,359,0.908
150,397,0.82
150,941,0.796
150,724,0.799
150,7,0.822
150,188,0.986
136,247,0.798
136,467,0.804
136,704,0.718
136,182,0.773
136,616,0.851
136,523,0.822
136,248,0.878
136,131,0.812
136,536,0.704
136,59,0.893
136,32,0.933
136,331,0.989
136,844,0.81
545,742,0.96
545,112,0.846
545,49,0.9
545,732,0.889
545,618,0.786
545,682,0.864
545,955,0.862
545,697,0.801
545,350,0.9
545,358,0.901
545,97,0.9
545,100,0.933
545,743,0.875
545,876,0.884
37,201,0.99
158,380,0.838
158,32,0.962
158,111,0.962
158,255,0.91
158,622,0.966
158,418,0.729
158,474,0.934
158,179,0.951
158,159,0.947
158,517,0.902
158,451,0.997
158,194,0.988
158,93,0.714
158,21,0.935
158,39,0.732
158,409,0.937
158,79,0.977
158,231,0.75
158,350,0.748
158,245,0.989
158,55,0.982
158,11,0.999
158,222,0.985
158,19,0.927
158,80,0.983
158,506,0.759
158,417,0.969
158,218,0.821
158,262,0.996
158,309,0.881
158,330,0.844
158,195,0.989
158,499,0.923
158,75,0.999
158,757,0.999
158,99,0.824
158,334,0.917
158,83,0.92
158,185,0.782
83,32,0.929
83,158,0.92
83,324,0.968
83,19,0.9
83,159,0.952
83,248,0.758
83,262,0.942
83,417,0.947
83,195,0.926
83,82,0.962
83,409,0.943
728,743,0.853
728,670,0.71
728,732,0.813
728,682,0.97
728,618,0.901
728,876,0.734
728,112,0.911
728,742,0.885
728,755,0.739
728,955,0.854
728,697,0.976
890,664,0.713
890,404,0.869
890,406,0.713
890,405,0.705
890,324,0.993
890,195,0.891
890,330,0.804
156,182,0.951
156,382,0.9
156,131,0.939
156,451,0.925
156,42,0.946
87,23,0.94
87,689,0.9
87,491,0.74
87,89,0.939
87,73,0.708
471,234,0.733
471,9,0.94
471,11,0.721
471,178,0.923
471,358,0.928
471,659,0.721
471,417,0.97
471,309,0.934
471,218,0.838
471,447,0.774
471,195,0.78
471,129,0.939
471,175,0.708
471,117,0.902
471,244,0.847
471,174,0.95
471,186,0.946
471,176,0.957
471,66,0.928
471,177,0.936
471,254,0.98
471,73,0.945
471,418,0.949
471,352,0.937
471,412,0.715
471,368,0.903
471,354,0.996
471,350,0.957
471,396,0.921
471,131,0.914
471,416,0.963
28,792,0.838
28,888,0.906
28,7,0.793
28,55,0.85
697,743,0.868
697,157,0.726
697,876,0.85
697,728,0.976
697,732,0.908
697,670,0.859
697,286,0.84
697,112,0.958
697,742,0.868
697,562,0.76
697,955,0.905
697,755,0.864
697,682,0.987
697,618,0.919
697,545,0.801
93,32,0.959
93,277,0.948
93,158,0.714
93,159,0.99
93,378,0.87
93,400,0.945
93,503,0.901
93,404,0.708
93,389,0.984
93,226,0.924
93,194,0.762
93,451,0.994
93,132,0.972
93,231,0.998
93,96,0.908
93,79,0.938
93,33,0.913
93,201,0.948
93,26,0.926
93,11,0.986
93,324,0.719
93,430,0.981
93,269,0.96
93,309,0.926
93,169,0.71
93,417,0.93
93,337,0.929
93,129,0.939
93,195,0.985
93,335,0.918
93,330,0.962
93,479,0.824
93,82,0.746
93,757,0.819
93,270,0.74
93,547,0.954
93,185,0.907
86,613,0.805
86,543,0.813
86,704,0.974
86,70,0.947
86,375,0.971
86,383,0.99
86,8,0.789
86,118,0.75
86,75,0.882
86,313,0.713
86,205,0.9
86,60,0.955
86,686,0.833
86,437,0.718
86,486,0.997
86,72,0.991
86,71,0.999
86,249,0.971
86,693,0.772
86,19,0.831
86,69,0.945
86,382,0.983
86,44,0.913
86,59,0.955
86,84,0.784
86,537,0.939
86,419,0.839
86,79,0.759
86,440,0.922
86,837,0.859
86,287,0.98
86,189,0.869
86,384,0.818
86,450,0.945
86,42,0.987
86,451,0.998
86,364,0.991
86,586,0.859
86,320,0.836
86,829,0.879
86,240,0.953
86,452,0.997
86,299,0.835
86,376,0.959
86,179,0.731
86,524,0.998
86,474,0.88
86,695,0.996
268,267,0.85
737,819,0.904
172,342,0.902
172,343,0.904
172,558,0.9
172,11,0.949
172,344,0.9
172,341,0.902
172,98,0.943
172,99,0.916
172,330,0.923
172,348,0.901
172,345,0.9
172,402,0.926
172,331,0.914
172,347,0.901
172,346,0.904
352,309,0.913
352,97,0.702
352,529,0.869
352,415,0.935
352,234,0.981
352,198,0.919
352,416,0.94
352,471,0.937
352,640,0.826
352,102,0.858
352,224,0.972
352,131,0.963
352,245,0.917
352,162,0.94
352,418,0.956
352,43,0.958
352,217,0.929
352,400,0.795
352,427,0.996
352,244,0.994
352,95,0.945
352,333,0.816
352,353,0.935
352,171,0.92
823,603,0.996
472,387,0.723
406,550,0.865
406,404,0.999
406,372,0.726
406,405,0.999
406,890,0.713
432,331,0.9
432,753,0.701
432,177,0.94
432,427,0.911
432,174,0.973
432,117,0.903
432,332,0.9
432,175,0.912
432,333,0.9
432,330,0.901
432,659,0.912
233,928,0.932
233,408,0.825
233,100,0.967
801,658,0.961
801,380,0.957
801,842,0.9
801,29,0.902
801,654,0.853
801,451,0.959
741,451,0.806
741,616,0.784
334,367,0.928
334,400,0.924
334,107,0.854
334,333,0.839
334,95,0.853
334,159,0.932
334,123,0.824
334,283,0.886
334,255,0.917
334,158,0.917
334,73,0.971
334,331,0.845
334,363,0.898
334,30,0.903
334,245,0.877
334,35,0.876
334,368,0.923
334,481,0.818
334,267,0.967
334,231,0.999
334,21,0.939
334,131,0.704
334,451,0.987
334,124,0.907
334,369,0.805
334,674,0.831
334,415,0.88
334,33,0.813
334,185,0.913
334,479,0.774
334,65,0.934
334,23,0.878
334,94,0.851
334,667,0.902
404,695,0.934
404,32,0.809
404,418,0.74
404,107,0.766
404,829,0.944
404,634,0.805
404,406,0.999
404,42,0.995
404,450,0.841
404,451,0.997
404,194,0.997
404,416,0.937
404,93,0.708
404,231,0.966
404,409,0.806
404,245,0.791
404,550,0.853
404,890,0.869
404,110,0.864
404,372,0.993
404,405,0.999
404,324,0.769
404,81,0.871
404,437,0.999
404,430,0.779
404,262,0.937
404,76,0.849
404,149,0.883
404,417,0.838
404,195,0.749
404,119,0.93
404,8,0.846
404,446,0.72
404,118,0.704
404,426,0.893
404,905,0.811
404,761,0.756
404,185,0.998
404,504,0.713
473,489,0.9
473,26,0.711
473,415,0.755
473,210,0.981
473,968,0.9
473,335,0.967
473,960,0.9
473,547,0.908
714,82,0.719
714,909,0.744
804,135,0.722
804,739,0.81
899,883,0.72
934,909,0.973
934,830,0.908
66,262,0.728
66,451,0.8
66,131,0.997
66,417,0.989
66,640,0.826
66,471,0.928
66,279,0.722
66,514,0.995
66,447,0.989
66,167,0.712
66,257,0.877
66,162,0.773
66,354,0.926
66,213,0.909
66,23,0.993
66,412,0.999
66,65,0.715
66,409,0.814
66,239,0.845
66,358,0.784
66,97,0.796
66,130,0.863
66,180,0.777
66,502,0.788
66,236,0.711
66,443,0.996
66,73,0.97
66,415,0.985
66,20,0.962
66,143,0.999
66,753,0.99
66,11,0.807
66,144,0.703
66,234,0.831
66,91,0.829
66,244,0.722
739,804,0.81
96,93,0.908
96,231,0.926
96,911,0.712
96,159,0.914
96,269,0.972
96,585,0.717
96,201,0.822
23,540,0.944
23,52,0.957
23,144,0.78
23,11,0.995
23,49,0.927
23,143,0.902
23,415,0.993
23,414,0.931
23,80,0.998
23,371,0.964
23,599,0.749
23,14,0.941
23,334,0.878
23,196,0.942
23,358,0.994
23,97,0.949
23,659,0.746
23,264,0.761
23,137,0.811
23,541,0.999
23,94,0.952
23,13,0.723
23,447,0.943
23,330,0.869
23,313,0.757
23,129,0.96
23,75,0.955
23,293,0.981
23,630,0.997
23,309,0.947
23,244,0.945
23,235,0.905
23,351,0.934
23,548,0.935
23,367,0.867
23,176,0.939
23,400,0.945
23,442,0.885
23,427,0.822
23,139,0.935
23,283,0.93
23,399,0.901
23,22,0.719
23,753,0.999
23,73,0.978
23,363,0.886
23,443,0.982
23,151,0.938
23,66,0.993
23,177,0.946
23,290,0.939
23,130,0.964
23,350,0.981
23,368,0.854
23,79,0.942
23,412,0.938
23,35,0.729
23,162,0.969
23,102,0.999
23,514,0.998
23,640,0.978
23,87,0.94
23,131,0.968
23,637,0.977
23,369,0.917
23,24,0.999
400,144,0.999
400,353,0.997
400,283,0.936
400,95,0.954
400,198,0.9
400,244,0.984
400,351,0.94
400,465,0.907
400,176,0.904
400,155,0.716
400,442,0.985
400,234,0.962
400,427,0.975
400,151,0.995
400,371,0.964
400,43,0.936
400,11,0.977
400,143,0.999
400,46,0.949
400,415,0.993
400,316,0.903
400,352,0.795
400,331,0.977
400,418,0.822
400,23,0.945
400,94,0.843
400,162,0.996
400,334,0.924
400,130,0.986
400,358,0.709
400,300,0.913
400,97,0.888
400,350,0.979
400,293,0.725
400,131,0.999
400,671,0.98
400,226,0.932
400,218,0.999
400,309,0.94
400,154,0.97
400,2,0.964
400,183,0.94
400,93,0.945
400,441,0.913
400,102,0.822
400,514,0.922
400,224,0.967
400,640,0.754
400,21,0.994
709,667,0.901
709,871,0.736
709,892,0.751
597,134,0.919
196,31,0.806
196,170,0.937
196,462,0.998
196,318,0.909
196,23,0.942
196,832,0.811
196,13,0.825
196,301,0.911
196,603,0.951
196,303,0.947
196,14,0.808
788,382,0.932
182,162,0.924
182,136,0.773
182,350,0.985
182,156,0.951
182,131,0.981
182,183,0.904
182,144,0.987
182,234,0.854
182,415,0.958
182,143,0.999
147,547,0.928
486,613,0.861
486,44,0.923
486,704,0.973
486,543,0.938
486,84,0.785
486,535,0.737
486,383,0.948
486,59,0.927
486,86,0.997
486,70,0.944
486,440,0.918
486,79,0.814
486,419,0.927
486,537,0.947
486,75,0.98
486,287,0.996
486,837,0.848
486,60,0.908
486,384,0.783
486,313,0.82
486,450,0.919
486,42,0.798
486,686,0.896
486,586,0.919
486,76,0.843
486,829,0.936
486,320,0.999
486,299,0.965
486,240,0.927
486,71,0.902
486,376,0.87
486,524,0.996
486,81,0.806
486,693,0.897
486,249,0.999
486,608,0.842
486,19,0.889
486,599,0.731
486,382,0.941
486,695,0.994
486,69,0.969
152,231,0.911
152,272,0.905
152,262,0.929
898,266,0.891
898,363,0.809
898,73,0.995
898,491,0.854
898,632,0.752
682,648,0.769
682,755,0.908
682,955,0.946
682,697,0.987
682,618,0.975
682,545,0.864
682,112,0.914
682,286,0.905
682,670,0.843
682,732,0.978
682,742,0.998
682,562,0.768
682,876,0.838
682,743,0.878
682,728,0.97
682,867,0.987
682,816,0.836
376,205,0.9
376,8,0.744
376,86,0.959
376,375,0.999
376,383,0.958
376,608,0.712
376,461,0.722
376,249,0.981
376,69,0.738
376,110,0.714
376,382,0.992
376,486,0.87
376,384,0.84
376,365,0.937
376,451,0.912
376,364,0.964
376,42,0.746
376,535,0.801
376,695,0.962
376,240,0.925
376,299,0.999
376,320,0.946
376,745,0.75
376,524,0.957
376,605,0.738
576,465,0.737
576,572,0.761
154,309,0.969
154,417,0.966
154,94,0.715
154,300,0.779
154,415,0.947
154,632,0.933
154,155,0.905
154,671,0.999
154,495,0.727
154,416,0.925
154,231,0.936
154,130,0.822
154,321,0.9
154,418,0.879
154,283,0.959
154,95,0.81
154,322,0.9
154,159,0.927
154,400,0.97
237,69,0.99
237,80,0.976
237,543,0.964
237,417,0.994
237,686,0.707
237,60,0.956
237,335,0.908
237,534,0.713
771,869,0.827
771,384,0.758
771,536,0.998
771,700,0.999
771,420,0.726
816,388,0.797
816,387,0.787
816,876,0.897
816,742,0.863
816,670,0.892
816,682,0.836
816,648,0.784
550,404,0.853
550,406,0.865
354,244,0.991
354,634,0.901
354,66,0.926
354,43,0.712
354,396,0.724
354,213,0.72
354,162,0.985
354,167,0.716
354,471,0.996
354,229,0.784
354,234,0.883
354,198,0.947
354,415,0.718
354,97,0.827
354,65,0.849
354,447,0.761
354,223,0.759
354,417,0.774
881,610,0.701
450,887,0.917
450,44,0.986
450,570,0.924
450,419,0.975
450,943,0.908
450,537,0.991
450,440,0.926
450,59,0.985
450,535,0.858
450,84,0.98
450,837,0.987
450,451,0.801
450,586,0.97
450,42,0.906
450,299,0.836
450,404,0.841
450,745,0.73
450,320,0.877
450,524,0.79
450,494,0.902
450,695,0.875
450,769,0.905
450,543,0.985
450,613,0.99
450,86,0.945
450,70,0.987
450,60,0.988
450,313,0.953
450,62,0.769
450,149,0.805
450,686,0.968
450,486,0.919
450,261,0.765
450,596,0.879
450,143,0.706
450,608,0.982
450,19,0.959
450,693,0.993
450,249,0.91
450,69,0.996
450,599,0.89
450,285,0.906
424,362,0.751
424,422,0.848
424,421,0.968
424,407,0.889
424,973,0.902
606,205,0.9
606,262,0.903
917,908,0.746
134,51,0.905
134,133,0.993
134,112,0.82
134,210,0.941
134,54,0.901
134,501,0.999
134,135,0.992
134,53,0.915
134,616,0.944
134,52,0.937
134,859,0.71
134,388,0.996
134,207,0.836
134,209,0.942
134,278,0.935
134,387,0.881
134,597,0.919
134,775,0.803
832,196,0.811
832,259,0.846
832,167,0.832
832,13,0.922
832,824,0.797
832,302,0.822
832,14,0.912
832,289,0.827
832,919,0.96
832,436,0.789
660,820,0.94
544,723,0.896
544,722,0.824
544,408,0.894
544,421,0.914
266,351,0.905
266,554,0.995
266,427,0.819
266,140,0.957
266,971,0.929
266,632,0.888
266,11,0.726
266,415,0.947
266,73,0.998
266,371,0.98
266,898,0.891
266,854,0.729
266,350,0.99
266,358,0.989
266,327,0.729
266,137,0.982
266,491,0.979
266,162,0.958
266,94,0.933
266,2,0.859
266,330,0.9
266,335,0.9
266,669,0.846
266,293,0.999
266,131,0.994
81,77,0.999
81,358,0.705
81,704,0.729
81,146,0.781
81,75,0.878
81,195,0.989
81,335,0.841
81,431,0.945
81,279,0.706
81,309,0.977
81,262,0.999
81,76,0.999
81,149,0.723
81,486,0.806
81,437,0.779
81,80,0.905
81,372,0.975
81,770,0.824
81,143,0.726
81,11,0.852
81,245,0.938
81,59,0.751
81,79,0.942
81,440,0.942
81,127,0.964
81,2,0.962
81,42,0.785
81,451,0.999
81,131,0.805
81,829,0.855
81,367,0.715
81,548,0.967
81,404,0.871
81,283,0.937
81,474,0.785
81,61,0.959
81,32,0.997
42,156,0.946
42,309,0.705
42,686,0.708
42,262,0.998
42,149,0.952
42,169,0.952
42,76,0.973
42,75,0.995
42,195,0.728
42,313,0.94
42,60,0.91
42,383,0.908
42,375,0.852
42,86,0.987
42,910,0.901
42,118,0.727
42,8,0.942
42,146,0.774
42,704,0.999
42,382,0.974
42,69,0.906
42,693,0.948
42,372,0.913
42,11,0.987
42,143,0.856
42,81,0.785
42,486,0.798
42,450,0.906
42,364,0.936
42,194,0.989
42,131,0.837
42,451,0.999
42,416,0.906
42,365,0.952
42,189,0.961
42,2,0.788
42,384,0.863
42,483,0.963
42,535,0.974
42,59,0.843
42,231,0.892
42,440,0.921
42,419,0.989
42,79,0.709
42,44,0.918
42,245,0.71
42,111,0.957
42,32,0.985
42,489,0.948
42,695,0.999
42,376,0.746
42,605,0.718
42,524,0.778
42,320,0.954
42,299,0.941
42,452,0.999
42,404,0.995
295,3,0.936
295,116,0.911
908,917,0.746
265,47,0.949
265,230,0.801
466,485,0.969
466,724,0.741
466,830,0.878
98,674,0.931
98,327,0.708
98,172,0.943
98,73,0.922
98,402,0.753
98,485,0.999
98,179,0.905
98,451,0.993
98,267,0.958
98,487,0.942
243,525,0.72
243,369,0.985
243,733,0.982
243,370,0.76
243,367,0.747
700,869,0.854
700,536,0.999
700,771,0.999
603,196,0.951
603,823,0.996
603,170,0.942
513,307,0.944
513,495,0.928
513,722,0.917
513,308,0.933
513,227,0.912
17,21,0.974
186,349,0.83
186,396,0.984
186,213,0.712
186,231,0.891
186,447,0.742
186,223,0.994
186,471,0.946
186,417,0.846
82,8,0.77
82,624,0.977
82,83,0.962
82,146,0.984
82,185,0.985
82,734,0.902
82,417,0.903
82,169,0.82
82,76,0.99
82,262,0.974
82,714,0.719
82,75,0.999
82,335,0.908
82,195,0.737
82,324,0.995
82,372,0.974
82,79,0.912
82,481,0.943
82,231,0.998
82,451,0.766
82,93,0.746
82,159,0.991
82,168,0.937
46,400,0.949
85,826,0.747
244,350,0.974
244,130,0.939
244,354,0.991
244,79,0.914
244,231,0.945
244,162,0.905
244,2,0.908
244,640,0.793
244,471,0.847
244,416,0.945
244,451,0.702
244,131,0.981
244,56,0.921
244,495,0.874
244,427,0.967
244,400,0.984
244,139,0.907
244,333,0.932
244,283,0.958
244,159,0.931
244,95,0.903
244,352,0.994
244,331,0.954
244,443,0.709
244,418,0.969
244,32,0.925
244,328,0.909
244,151,0.943
244,66,0.722
244,177,0.923
244,180,0.903
244,43,0.957
244,61,0.921
244,358,0.984
244,97,0.93
244,77,0.918
244,327,0.909
244,23,0.945
244,65,0.794
244,408,0.925
244,94,0.796
244,447,0.818
244,311,0.932
244,76,0.927
244,556,0.924
244,417,0.982
244,309,0.933
244,540,0.901
244,234,0.974
244,140,0.905
244,11,0.794
244,80,0.938
244,415,0.949
244,69,0.89
244,371,0.937
538,76,0.985
538,262,0.829
538,60,0.866
538,75,0.999
538,62,0.764
538,70,0.715
538,258,0.901
538,77,0.966
538,69,0.995
538,372,0.908
538,80,0.994
538,249,0.716
538,71,0.982
538,72,0.734
538,523,0.949
538,451,0.853
538,63,0.94
538,127,0.977
538,537,0.827
538,79,0.996
538,440,0.794
538,59,0.966
538,32,0.8
538,61,0.8
538,402,0.81
538,299,0.959
538,78,0.953
194,185,0.981
194,761,0.995
194,8,0.714
194,118,0.999
194,757,0.805
194,852,0.949
194,426,0.906
194,119,0.785
194,195,0.802
194,968,0.951
194,279,0.805
194,169,0.833
194,149,0.997
194,417,0.861
194,262,0.759
194,430,0.948
194,324,0.789
194,373,0.908
194,372,0.969
194,508,0.993
194,208,0.72
194,245,0.948
194,44,0.732
194,469,0.91
194,409,0.872
194,231,0.867
194,636,0.976
194,960,0.918
194,535,0.864
194,93,0.762
194,477,0.969
194,132,0.798
194,451,0.999
194,533,0.999
194,42,0.989
194,664,0.747
194,404,0.997
194,378,0.786
194,634,0.908
194,107,0.913
194,158,0.988
194,489,0.971
222,272,0.999
222,273,0.995
222,554,0.911
222,389,0.928
222,95,0.838
222,333,0.988
222,402,0.764
222,158,0.985
222,255,0.861
222,22,0.928
222,374,0.826
222,43,0.83
222,231,0.794
222,481,0.72
222,274,0.967
222,520,0.979
222,54,0.719
222,451,0.868
222,415,0.891
222,674,0.965
222,11,0.983
222,271,0.995
222,260,0.928
222,509,0.706
222,972,0.776
222,65,0.93
222,585,0.998
222,223,0.73
222,18,0.895
222,447,0.971
222,872,0.761
222,417,0.737
49,50,0.999
49,414,0.971
49,415,0.926
49,52,0.844
49,545,0.9
49,309,0.902
49,23,0.927
49,408,0.922
49,97,0.909
49,358,0.928
49,517,0.934
49,95,0.902
49,351,0.963
49,451,0.887
49,21,0.748
49,31,0.829
49,35,0.871
49,350,0.918
209,607,0.996
209,206,0.879
209,285,0.908
209,11,0.853
209,805,0.922
209,134,0.942
209,65,0.773
209,629,0.999
209,207,0.947
209,408,0.992
209,185,0.858
209,76,0.744
209,211,0.942
209,195,0.951
209,423,0.745
209,210,0.972
209,940,0.902
209,844,0.911
209,591,0.962
209,89,0.729
209,769,0.919
209,32,0.986
209,407,0.973
209,217,0.702
209,494,0.921
209,212,0.999
209,943,0.903
209,421,0.775
209,570,0.92
209,835,0.912
209,531,0.971
209,887,0.905
209,854,0.737
209,208,0.985
209,90,0.954
209,245,0.918
209,157,0.85
209,131,0.942
209,451,0.998
209,604,0.922
209,906,0.895
209,167,0.958
209,561,0.999
209,21,0.945
370,243,0.76
370,369,0.708
716,211,0.947
716,646,0.977
716,631,0.959
457,622,0.735
457,167,0.788
457,173,0.801
457,201,0.739
457,55,0.899
457,259,0.803
457,585,0.719
29,801,0.902
29,654,0.9
29,842,0.998
389,222,0.928
389,388,0.809
389,622,0.858
389,133,0.754
389,380,0.707
389,272,0.933
389,283,0.82
389,93,0.984
239,66,0.845
480,372,0.99
480,245,0.981
480,655,0.796
480,451,0.977
195,262,0.998
195,218,0.707
195,417,0.999
195,279,0.998
195,458,0.905
195,223,0.724
195,129,0.962
195,257,0.754
195,629,0.81
195,82,0.737
195,8,0.797
195,209,0.951
195,146,0.702
195,83,0.926
195,185,0.883
195,890,0.891
195,415,0.896
195,324,0.76
195,11,0.99
195,19,0.93
195,143,0.708
195,52,0.72
195,81,0.989
195,42,0.728
195,604,0.823
195,451,0.999
195,131,0.976
195,194,0.802
195,471,0.78
195,167,0.718
195,93,0.985
195,231,0.996
195,39,0.874
195,409,0.958
195,79,0.95
195,245,0.999
195,208,0.997
195,594,0.988
195,32,0.967
195,277,0.968
195,158,0.989
195,159,0.971
195,404,0.749
195,465,0.992
819,737,0.904
819,110,0.962
819,729,0.914
819,504,0.904
48,419,0.777
646,631,0.814
646,710,0.716
646,211,0.788
646,716,0.977
345,32,0.9
345,347,0.881
345,829,0.9
345,272,0.918
345,348,0.906
345,287,0.902
345,346,0.974
345,558,0.912
345,532,0.78
345,342,0.912
345,974,0.9
345,343,0.984
345,71,0.9
345,172,0.9
345,344,0.986
345,341,0.919
706,437,0.727
706,320,0.913
706,249,0.72
706,141,0.984
706,165,0.9
706,15,0.752
106,293,0.9
106,350,0.989
106,358,0.927
106,398,0.981
106,137,0.916
106,73,0.916
106,415,0.989
106,331,0.901
106,236,0.972
106,180,0.722
106,632,0.9
802,677,0.898
802,604,0.706
588,367,0.919
588,422,0.728
540,312,0.948
540,131,0.917
540,659,0.827
540,350,0.905
540,231,0.914
540,23,0.944
540,151,0.911
540,272,0.903
540,244,0.901
540,174,0.913
540,159,0.911
540,175,0.943
312,129,0.953
312,540,0.948
312,175,0.924
312,174,0.955
312,176,0.775
312,177,0.771
312,490,0.912
733,262,0.865
733,494,0.948
733,243,0.982
733,402,0.883
291,290,0.996
278,860,0.813
278,134,0.935
743,916,0.869
743,728,0.853
743,867,0.921
743,876,0.948
743,742,0.874
743,286,0.896
743,112,0.935
743,732,0.756
743,670,0.931
743,545,0.875
743,618,0.963
743,682,0.878
743,697,0.868
743,755,0.838
743,955,0.933
671,154,0.999
671,415,0.992
671,309,0.924
671,155,0.915
671,400,0.98
671,95,0.964
671,94,0.994
671,283,0.936
611,39,0.702
611,31,0.75
611,90,0.758
611,854,0.756
611,32,0.717
611,462,0.748
611,511,0.809
611,826,0.998
611,662,0.839
499,212,0.815
499,158,0.923
499,335,0.899
499,330,0.906
499,262,0.939
499,451,0.949
499,210,0.992
524,382,0.977
524,695,0.982
524,249,0.993
524,608,0.786
524,376,0.957
524,320,0.86
524,452,0.904
524,299,0.755
524,486,0.996
524,240,0.773
524,450,0.79
524,42,0.778
524,364,0.958
524,384,0.761
524,383,0.951
524,483,0.739
524,535,0.955
524,375,0.948
524,86,0.998
524,99,0.733
524,8,0.991
524,704,0.895
845,546,0.943
845,18,0.789
845,458,0.918
845,629,0.706
845,693,0.927
11,477,0.937
11,167,0.913
11,93,0.986
11,514,0.988
11,471,0.721
11,416,0.977
11,308,0.767
11,604,0.704
11,516,0.831
11,131,0.794
11,451,0.989
11,42,0.987
11,56,0.927
11,226,0.996
11,369,0.971
11,495,0.884
11,130,0.861
11,854,0.806
11,208,0.879
11,53,0.717
11,245,0.996
11,520,0.705
11,409,0.8
11,31,0.763
11,419,0.939
11,79,0.993
11,162,0.819
11,231,0.974
11,59,0.76
11,133,0.994
11,255,0.99
11,158,0.999
11,73,0.992
11,622,0.985
11,363,0.951
11,418,0.811
11,443,0.983
11,328,0.953
11,380,0.993
11,30,0.994
11,277,0.999
11,32,0.872
11,177,0.943
11,66,0.807
11,482,0.936
11,244,0.794
11,351,0.975
11,210,0.995
11,485,0.975
11,400,0.977
11,176,0.926
11,266,0.726
11,272,0.841
11,909,0.944
11,179,0.978
11,283,0.784
11,159,0.711
11,447,0.742
11,183,0.973
11,301,0.948
11,60,0.726
11,279,0.924
11,388,0.839
11,335,0.733
11,195,0.99
11,129,0.966
11,223,0.777
11,293,0.987
11,149,0.8
11,417,0.988
11,269,0.776
11,262,0.987
11,309,0.998
11,358,0.883
11,547,0.831
11,172,0.949
11,327,0.966
11,585,0.97
11,629,0.823
11,65,0.956
11,137,0.842
11,23,0.995
11,209,0.853
11,257,0.772
11,541,0.716
11,324,0.846
11,222,0.983
11,415,0.985
11,201,0.799
11,658,0.951
11,80,0.996
11,372,0.955
11,33,0.944
11,55,0.972
11,251,0.943
11,437,0.993
11,234,0.758
11,349,0.754
11,144,0.988
11,52,0.935
11,81,0.852
11,506,0.977
705,627,0.795
837,693,0.975
837,608,0.906
837,19,0.958
837,69,0.995
837,599,0.901
837,486,0.848
837,261,0.703
837,596,0.799
837,62,0.856
837,60,0.94
837,313,0.975
837,686,0.948
837,450,0.987
837,586,0.936
837,613,0.977
837,44,0.968
837,543,0.96
837,59,0.989
837,86,0.859
837,70,0.991
837,84,0.974
837,419,0.97
837,537,0.98
809,494,0.847
306,360,0.963
306,305,0.995
306,47,0.837
306,304,0.996
666,69,0.794
678,494,0.827
678,675,0.732
678,712,0.877
678,735,0.705
285,450,0.906
285,60,0.905
285,537,0.905
285,943,0.971
285,570,0.97
285,209,0.908
285,207,0.903
285,887,0.909
285,543,0.912
285,208,0.913
285,69,0.909
285,769,0.999
285,19,0.902
285,494,0.958
285,675,0.906
565,416,0.904
565,272,0.775
565,447,0.827
565,972,0.853
710,453,0.909
710,646,0.716
949,200,0.77
665,648,0.999
665,951,0.741
665,192,0.91
88,447,0.984
735,678,0.705
276,52,0.764
276,35,0.902
885,418,0.76
885,417,0.971
885,131,0.724
632,358,0.958
632,541,0.781
632,137,0.933
632,293,0.915
632,415,0.928
632,236,0.9
632,106,0.9
632,350,0.911
632,491,0.864
632,154,0.933
632,2,0.738
632,266,0.888
632,73,0.999
632,363,0.823
632,898,0.752
467,547,0.971
467,136,0.804
467,159,0.888
831,277,0.967
769,494,0.964
769,19,0.912
769,249,0.73
769,285,0.999
769,69,0.927
769,675,0.911
769,60,0.92
769,604,0.907
769,450,0.905
769,208,0.947
769,887,0.964
769,543,0.91
769,157,0.709
769,537,0.916
769,943,0.953
769,209,0.919
769,570,0.999
769,207,0.911
387,135,0.905
387,141,0.78
387,876,0.983
387,385,0.791
387,816,0.787
387,465,0.8
387,648,0.97
387,562,0.78
387,834,0.883
387,134,0.881
387,99,0.819
387,472,0.723
387,388,0.999
387,859,0.807
387,825,0.945
387,969,0.917
387,670,0.981
387,582,0.915
738,89,0.852
738,814,0.904
738,90,0.826
738,721,0.827
193,113,0.739
193,3,0.99
193,395,0.943
193,128,0.887
193,145,0.843
193,4,0.886
522,143,0.938
18,272,0.772
18,845,0.789
18,43,0.845
18,51,0.837
18,22,0.95
18,419,0.732
18,53,0.996
18,54,0.708
18,516,0.985
18,167,0.897
18,52,0.998
18,271,0.809
18,222,0.895
18,19,0.893
18,972,0.917
18,65,0.991
18,775,0.777
18,543,0.728
18,447,0.944
667,334,0.902
667,451,0.912
667,709,0.901
648,682,0.769
648,665,0.999
648,670,0.771
648,742,0.807
648,387,0.97
648,876,0.87
648,99,0.805
648,816,0.784
648,388,0.971
648,192,0.907
90,451,0.877
90,131,0.819
90,721,0.932
90,130,0.747
90,22,0.9
90,117,0.933
90,89,0.996
90,611,0.758
90,209,0.954
90,738,0.826
90,9,0.884
90,653,0.802
90,219,0.745
90,140,0.819
90,814,0.946
262,81,0.999
262,52,0.793
262,71,0.969
262,606,0.903
262,437,0.981
262,430,0.918
262,69,0.809
262,439,0.902
262,19,0.957
262,143,0.831
262,538,0.829
262,11,0.987
262,372,0.866
262,80,0.807
262,415,0.752
262,446,0.935
262,629,0.903
262,118,0.77
262,82,0.974
262,70,0.712
262,504,0.996
262,83,0.942
262,905,0.817
262,77,0.786
262,327,0.947
262,761,0.758
262,76,0.927
262,310,0.99
262,417,0.994
262,149,0.984
262,309,0.971
262,269,0.758
262,60,0.79
262,313,0.773
262,119,0.998
262,499,0.939
262,152,0.929
262,195,0.998
262,335,0.914
262,75,0.948
262,279,0.994
262,317,0.738
262,159,0.987
262,664,0.976
262,404,0.937
262,272,0.965
262,485,0.985
262,489,0.826
262,32,0.991
262,701,0.912
262,733,0.865
262,66,0.728
262,133,0.728
262,402,0.957
262,443,0.852
262,73,0.704
262,158,0.996
262,79,0.981
262,419,0.931
262,440,0.94
262,409,0.992
262,231,0.993
262,59,0.723
262,481,0.956
262,483,0.927
262,535,0.942
262,793,0.885
262,130,0.755
262,750,0.803
262,208,0.819
262,245,0.995
262,451,0.923
262,131,0.812
262,194,0.759
262,533,0.708
262,42,0.998
262,167,0.834
262,132,0.746
469,283,0.9
469,194,0.91
647,937,0.92
647,212,0.724
647,465,0.96
647,680,0.703
798,656,0.822
798,933,0.999
858,464,0.702
849,20,0.744
153,199,0.933
153,4,0.793
153,200,0.947
153,238,0.704
153,945,0.882
153,820,0.994
249,75,0.982
249,313,0.902
249,60,0.909
249,76,0.711
249,613,0.848
249,704,0.783
249,543,0.842
249,383,0.981
249,70,0.954
249,375,0.893
249,86,0.971
249,585,0.918
249,118,0.734
249,693,0.705
249,538,0.716
249,19,0.764
249,608,0.969
249,706,0.72
249,382,0.977
249,69,0.975
249,523,0.959
249,437,0.758
249,486,0.999
249,596,0.885
249,287,0.998
249,189,0.836
249,384,0.807
249,450,0.91
249,586,0.739
249,44,0.91
249,535,0.838
249,483,0.706
249,59,0.989
249,419,0.749
249,537,0.898
249,769,0.73
249,695,0.8
249,829,0.949
249,320,0.998
249,299,0.996
249,452,0.773
249,240,0.951
249,376,0.981
249,524,0.993
249,498,0.851
515,418,0.981
515,171,0.975
515,417,0.89
515,218,0.943
515,416,0.86
490,495,0.915
490,312,0.912
490,309,0.932
926,437,0.932
926,240,0.907
926,523,0.9
926,75,0.9
926,855,0.997
926,59,0.9
166,459,0.985
166,340,0.754
171,515,0.975
171,351,0.723
171,352,0.92
171,418,0.988
171,220,0.763
171,417,0.798
171,218,0.792
171,309,0.904
171,416,0.705
288,591,0.736
288,582,0.866
288,662,0.741
288,627,0.774
288,795,0.785
288,385,0.887
43,175,0.72
43,971,0.905
43,159,0.927
43,244,0.957
43,634,0.703
43,400,0.936
43,427,0.973
43,22,0.943
43,73,0.944
43,352,0.958
43,354,0.712
43,162,0.954
43,231,0.939
43,495,0.928
43,222,0.83
43,415,0.941
43,65,0.794
43,556,0.993
43,309,0.948
43,447,0.866
43,18,0.845
768,927,0.859
770,81,0.824
749,592,0.999
260,416,0.828
260,2,0.781
260,102,0.938
260,417,0.953
260,131,0.998
260,451,0.985
260,208,0.872
260,97,0.738
260,213,0.998
260,415,0.995
260,331,0.788
260,222,0.928
260,143,0.97
260,652,0.926
260,144,0.707
0,978,0.001
1,978,0.001
2,978,0.001
3,978,0.001
4,978,0.001
5,978,0.001
6,978,0.001
7,978,0.001
8,978,0.001
9,978,0.001
10,978,0.001
11,978,0.001
12,978,0.001
13,978,0.001
14,978,0.001
15,978,0.001
16,978,0.001
17,978,0.001
18,978,0.001
19,978,0.001
20,978,0.001
21,978,0.001
22,978,0.001
23,978,0.001
24,978,0.001
25,978,0.001
26,978,0.001
27,978,0.001
28,978,0.001
29,978,0.001
30,978,0.001
31,978,0.001
32,978,0.001
33,978,0.001
34,978,0.001
35,978,0.001
36,978,0.001
37,978,0.001
38,978,0.001
39,978,0.001
40,978,0.001
41,978,0.001
42,978,0.001
43,978,0.001
44,978,0.001
45,978,0.001
46,978,0.001
47,978,0.001
48,978,0.001
49,978,0.001
50,978,0.001
51,978,0.001
52,978,0.001
53,978,0.001
54,978,0.001
55,978,0.001
56,978,0.001
57,978,0.001
58,978,0.001
59,978,0.001
60,978,0.001
61,978,0.001
62,978,0.001
63,978,0.001
64,978,0.001
65,978,0.001
66,978,0.001
67,978,0.001
68,978,0.001
69,978,0.001
70,978,0.001
71,978,0.001
72,978,0.001
73,978,0.001
74,978,0.001
75,978,0.001
76,978,0.001
77,978,0.001
78,978,0.001
79,978,0.001
80,978,0.001
81,978,0.001
82,978,0.001
83,978,0.001
84,978,0.001
85,978,0.001
86,978,0.001
87,978,0.001
88,978,0.001
89,978,0.001
90,978,0.001
91,978,0.001
92,978,0.001
93,978,0.001
94,978,0.001
95,978,0.001
96,978,0.001
97,978,0.001
98,978,0.001
99,978,0.001
100,978,0.001
101,978,0.001
102,978,0.001
103,978,0.001
104,978,0.001
105,978,0.001
106,978,0.001
107,978,0.001
108,978,0.001
109,978,0.001
110,978,0.001
111,978,0.001
112,978,0.001
113,978,0.001
114,978,0.001
115,978,0.001
116,978,0.001
117,978,0.001
118,978,0.001
119,978,0.001
120,978,0.001
121,978,0.001
122,978,0.001
123,978,0.001
124,978,0.001
125,978,0.001
126,978,0.001
127,978,0.001
128,978,0.001
129,978,0.001
130,978,0.001
131,978,0.001
132,978,0.001
133,978,0.001
134,978,0.001
135,978,0.001
136,978,0.001
137,978,0.001
138,978,0.001
139,978,0.001
140,978,0.001
141,978,0.001
142,978,0.001
143,978,0.001
144,978,0.001
145,978,0.001
146,978,0.001
147,978,0.001
148,978,0.001
149,978,0.001
150,978,0.001
151,978,0.001
152,978,0.001
153,978,0.001
154,978,0.001
155,978,0.001
156,978,0.001
157,978,0.001
158,978,0.001
159,978,0.001
160,978,0.001
161,978,0.001
162,978,0.001
163,978,0.001
164,978,0.001
165,978,0.001
166,978,0.001
167,978,0.001
168,978,0.001
169,978,0.001
170,978,0.001
171,978,0.001
172,978,0.001
173,978,0.001
174,978,0.001
175,978,0.001
176,978,0.001
177,978,0.001
178,978,0.001
179,978,0.001
180,978,0.001
181,978,0.001
182,978,0.001
183,978,0.001
184,978,0.001
185,978,0.001
186,978,0.001
187,978,0.001
188,978,0.001
189,978,0.001
190,978,0.001
191,978,0.001
192,978,0.001
193,978,0.001
194,978,0.001
195,978,0.001
196,978,0.001
197,978,0.001
198,978,0.001
199,978,0.001
200,978,0.001
201,978,0.001
202,978,0.001
203,978,0.001
204,978,0.001
205,978,0.001
206,978,0.001
207,978,0.001
208,978,0.001
209,978,0.001
210,978,0.001
211,978,0.001
212,978,0.001
213,978,0.001
214,978,0.001
215,978,0.001
216,978,0.001
217,978,0.001
218,978,0.001
219,978,0.001
220,978,0.001
221,978,0.001
222,978,0.001
223,978,0.001
224,978,0.001
225,978,0.001
226,978,0.001
227,978,0.001
228,978,0.001
229,978,0.001
230,978,0.001
231,978,0.001
232,978,0.001
233,978,0.001
234,978,0.001
235,978,0.001
236,978,0.001
237,978,0.001
238,978,0.001
239,978,0.001
240,978,0.001
241,978,0.001
242,978,0.001
243,978,0.001
244,978,0.001
245,978,0.001
246,978,0.001
247,978,0.001
248,978,0.001
249,978,0.001
250,978,0.001
251,978,0.001
252,978,0.001
253,978,0.001
254,978,0.001
255,978,0.001
256,978,0.001
257,978,0.001
258,978,0.001
259,978,0.001
260,978,0.001
261,978,0.001
262,978,0.001
263,978,0.001
264,978,0.001
265,978,0.001
266,978,0.001
267,978,0.001
268,978,0.001
269,978,0.001
270,978,0.001
271,978,0.001
272,978,0.001
273,978,0.001
274,978,0.001
275,978,0.001
276,978,0.001
277,978,0.001
278,978,0.001
279,978,0.001
280,978,0.001
281,978,0.001
282,978,0.001
283,978,0.001
284,978,0.001
285,978,0.001
286,978,0.001
287,978,0.001
288,978,0.001
289,978,0.001
290,978,0.001
291,978,0.001
292,978,0.001
293,978,0.001
294,978,0.001
295,978,0.001
296,978,0.001
297,978,0.001
298,978,0.001
299,978,0.001
300,978,0.001
301,978,0.001
302,978,0.001
303,978,0.001
304,978,0.001
305,978,0.001
306,978,0.001
307,978,0.001
308,978,0.001
309,978,0.001
310,978,0.001
311,978,0.001
312,978,0.001
313,978,0.001
314,978,0.001
315,978,0.001
316,978,0.001
317,978,0.001
318,978,0.001
319,978,0.001
320,978,0.001
321,978,0.001
322,978,0.001
323,978,0.001
324,978,0.001
325,978,0.001
326,978,0.001
327,978,0.001
328,978,0.001
329,978,0.001
330,978,0.001
331,978,0.001
332,978,0.001
333,978,0.001
334,978,0.001
335,978,0.001
336,978,0.001
337,978,0.001
338,978,0.001
339,978,0.001
340,978,0.001
341,978,0.001
342,978,0.001
343,978,0.001
344,978,0.001
345,978,0.001
346,978,0.001
347,978,0.001
348,978,0.001
349,978,0.001
350,978,0.001
351,978,0.001
352,978,0.001
353,978,0.001
354,978,0.001
355,978,0.001
356,978,0.001
357,978,0.001
358,978,0.001
359,978,0.001
360,978,0.001
361,978,0.001
362,978,0.001
363,978,0.001
364,978,0.001
365,978,0.001
366,978,0.001
367,978,0.001
368,978,0.001
369,978,0.001
370,978,0.001
371,978,0.001
372,978,0.001
373,978,0.001
374,978,0.001
375,978,0.001
376,978,0.001
377,978,0.001
378,978,0.001
379,978,0.001
380,978,0.001
381,978,0.001
382,978,0.001
383,978,0.001
384,978,0.001
385,978,0.001
386,978,0.001
387,978,0.001
388,978,0.001
389,978,0.001
390,978,0.001
391,978,0.001
392,978,0.001
393,978,0.001
394,978,0.001
395,978,0.001
396,978,0.001
397,978,0.001
398,978,0.001
399,978,0.001
400,978,0.001
401,978,0.001
402,978,0.001
403,978,0.001
404,978,0.001
405,978,0.001
406,978,0.001
407,978,0.001
408,978,0.001
409,978,0.001
410,978,0.001
411,978,0.001
412,978,0.001
413,978,0.001
414,978,0.001
415,978,0.001
416,978,0.001
417,978,0.001
418,978,0.001
419,978,0.001
420,978,0.001
421,978,0.001
422,978,0.001
423,978,0.001
424,978,0.001
425,978,0.001
426,978,0.001
427,978,0.001
428,978,0.001
429,978,0.001
430,978,0.001
431,978,0.001
432,978,0.001
433,978,0.001
434,978,0.001
435,978,0.001
436,978,0.001
437,978,0.001
438,978,0.001
439,978,0.001
440,978,0.001
441,978,0.001
442,978,0.001
443,978,0.001
444,978,0.001
445,978,0.001
446,978,0.001
447,978,0.001
448,978,0.001
449,978,0.001
450,978,0.001
451,978,0.001
452,978,0.001
453,978,0.001
454,978,0.001
455,978,0.001
456,978,0.001
457,978,0.001
458,978,0.001
459,978,0.001
460,978,0.001
461,978,0.001
462,978,0.001
463,978,0.001
464,978,0.001
465,978,0.001
466,978,0.001
467,978,0.001
468,978,0.001
469,978,0.001
470,978,0.001
471,978,0.001
472,978,0.001
473,978,0.001
474,978,0.001
475,978,0.001
476,978,0.001
477,978,0.001
478,978,0.001
479,978,0.001
480,978,0.001
481,978,0.001
482,978,0.001
483,978,0.001
484,978,0.001
485,978,0.001
486,978,0.001
487,978,0.001
488,978,0.001
489,978,0.001
490,978,0.001
491,978,0.001
492,978,0.001
493,978,0.001
494,978,0.001
495,978,0.001
496,978,0.001
497,978,0.001
498,978,0.001
499,978,0.001
500,978,0.001
501,978,0.001
502,978,0.001
503,978,0.001
504,978,0.001
505,978,0.001
506,978,0.001
507,978,0.001
508,978,0.001
509,978,0.001
510,978,0.001
511,978,0.001
512,978,0.001
513,978,0.001
514,978,0.001
515,978,0.001
516,978,0.001
517,978,0.001
518,978,0.001
519,978,0.001
520,978,0.001
521,978,0.001
522,978,0.001
523,978,0.001
524,978,0.001
525,978,0.001
526,978,0.001
527,978,0.001
528,978,0.001
529,978,0.001
530,978,0.001
531,978,0.001
532,978,0.001
533,978,0.001
534,978,0.001
535,978,0.001
536,978,0.001
537,978,0.001
538,978,0.001
539,978,0.001
540,978,0.001
541,978,0.001
542,978,0.001
543,978,0.001
544,978,0.001
545,978,0.001
546,978,0.001
547,978,0.001
548,978,0.001
549,978,0.001
550,978,0.001
551,978,0.001
552,978,0.001
553,978,0.001
554,978,0.001
555,978,0.001
556,978,0.001
557,978,0.001
558,978,0.001
559,978,0.001
560,978,0.001
561,978,0.001
562,978,0.001
563,978,0.001
564,978,0.001
565,978,0.001
566,978,0.001
567,978,0.001
568,978,0.001
569,978,0.001
570,978,0.001
571,978,0.001
572,978,0.001
573,978,0.001
574,978,0.001
575,978,0.001
576,978,0.001
577,978,0.001
578,978,0.001
579,978,0.001
580,978,0.001
581,978,0.001
582,978,0.001
583,978,0.001
584,978,0.001
585,978,0.001
586,978,0.001
587,978,0.001
588,978,0.001
589,978,0.001
590,978,0.001
591,978,0.001
592,978,0.001
593,978,0.001
594,978,0.001
595,978,0.001
596,978,0.001
597,978,0.001
598,978,0.001
599,978,0.001
600,978,0.001
601,978,0.001
602,978,0.001
603,978,0.001
604,978,0.001
605,978,0.001
606,978,0.001
607,978,0.001
608,978,0.001
609,978,0.001
610,978,0.001
611,978,0.001
612,978,0.001
613,978,0.001
614,978,0.001
615,978,0.001
616,978,0.001
617,978,0.001
618,978,0.001
619,978,0.001
620,978,0.001
621,978,0.001
622,978,0.001
623,978,0.001
624,978,0.001
625,978,0.001
626,978,0.001
627,978,0.001
628,978,0.001
629,978,0.001
630,978,0.001
631,978,0.001
632,978,0.001
633,978,0.001
634,978,0.001
635,978,0.001
636,978,0.001
637,978,0.001
638,978,0.001
639,978,0.001
640,978,0.001
641,978,0.001
642,978,0.001
643,978,0.001
644,978,0.001
645,978,0.001
646,978,0.001
647,978,0.001
648,978,0.001
649,978,0.001
650,978,0.001
651,978,0.001
652,978,0.001
653,978,0.001
654,978,0.001
655,978,0.001
656,978,0.001
657,978,0.001
658,978,0.001
659,978,0.001
660,978,0.001
661,978,0.001
662,978,0.001
663,978,0.001
664,978,0.001
665,978,0.001
666,978,0.001
667,978,0.001
668,978,0.001
669,978,0.001
670,978,0.001
671,978,0.001
672,978,0.001
673,978,0.001
674,978,0.001
675,978,0.001
676,978,0.001
677,978,0.001
678,978,0.001
679,978,0.001
680,978,0.001
681,978,0.001
682,978,0.001
683,978,0.001
684,978,0.001
685,978,0.001
686,978,0.001
687,978,0.001
688,978,0.001
689,978,0.001
690,978,0.001
691,978,0.001
692,978,0.001
693,978,0.001
694,978,0.001
695,978,0.001
696,978,0.001
697,978,0.001
698,978,0.001
699,978,0.001
700,978,0.001
701,978,0.001
702,978,0.001
703,978,0.001
704,978,0.001
705,978,0.001
706,978,0.001
707,978,0.001
708,978,0.001
709,978,0.001
710,978,0.001
711,978,0.001
712,978,0.001
713,978,0.001
714,978,0.001
715,978,0.001
716,978,0.001
717,978,0.001
718,978,0.001
719,978,0.001
720,978,0.001
721,978,0.001
722,978,0.001
723,978,0.001
724,978,0.001
725,978,0.001
726,978,0.001
727,978,0.001
728,978,0.001
729,978,0.001
730,978,0.001
731,978,0.001
732,978,0.001
733,978,0.001
734,978,0.001
735,978,0.001
736,978,0.001
737,978,0.001
738,978,0.001
739,978,0.001
740,978,0.001
741,978,0.001
742,978,0.001
743,978,0.001
744,978,0.001
745,978,0.001
746,978,0.001
747,978,0.001
748,978,0.001
749,978,0.001
750,978,0.001
751,978,0.001
752,978,0.001
753,978,0.001
754,978,0.001
755,978,0.001
756,978,0.001
757,978,0.001
758,978,0.001
759,978,0.001
760,978,0.001
761,978,0.001
762,978,0.001
763,978,0.001
764,978,0.001
765,978,0.001
766,978,0.001
767,978,0.001
768,978,0.001
769,978,0.001
770,978,0.001
771,978,0.001
772,978,0.001
773,978,0.001
774,978,0.001
775,978,0.001
776,978,0.001
777,978,0.001
778,978,0.001
779,978,0.001
780,978,0.001
781,978,0.001
782,978,0.001
783,978,0.001
784,978,0.001
785,978,0.001
786,978,0.001
787,978,0.001
788,978,0.001
789,978,0.001
790,978,0.001
791,978,0.001
792,978,0.001
793,978,0.001
794,978,0.001
795,978,0.001
796,978,0.001
797,978,0.001
798,978,0.001
799,978,0.001
800,978,0.001
801,978,0.001
802,978,0.001
803,978,0.001
804,978,0.001
805,978,0.001
806,978,0.001
807,978,0.001
808,978,0.001
809,978,0.001
810,978,0.001
811,978,0.001
812,978,0.001
813,978,0.001
814,978,0.001
815,978,0.001
816,978,0.001
817,978,0.001
818,978,0.001
819,978,0.001
820,978,0.001
821,978,0.001
822,978,0.001
823,978,0.001
824,978,0.001
825,978,0.001
826,978,0.001
827,978,0.001
828,978,0.001
829,978,0.001
830,978,0.001
831,978,0.001
832,978,0.001
833,978,0.001
834,978,0.001
835,978,0.001
836,978,0.001
837,978,0.001
838,978,0.001
839,978,0.001
840,978,0.001
841,978,0.001
842,978,0.001
843,978,0.001
844,978,0.001
845,978,0.001
846,978,0.001
847,978,0.001
848,978,0.001
849,978,0.001
850,978,0.001
851,978,0.001
852,978,0.001
853,978,0.001
854,978,0.001
855,978,0.001
856,978,0.001
857,978,0.001
858,978,0.001
859,978,0.001
860,978,0.001
861,978,0.001
862,978,0.001
863,978,0.001
864,978,0.001
865,978,0.001
866,978,0.001
867,978,0.001
868,978,0.001
869,978,0.001
870,978,0.001
871,978,0.001
872,978,0.001
873,978,0.001
874,978,0.001
875,978,0.001
876,978,0.001
877,978,0.001
878,978,0.001
879,978,0.001
880,978,0.001
881,978,0.001
882,978,0.001
883,978,0.001
884,978,0.001
885,978,0.001
886,978,0.001
887,978,0.001
888,978,0.001
889,978,0.001
890,978,0.001
891,978,0.001
892,978,0.001
893,978,0.001
894,978,0.001
895,978,0.001
896,978,0.001
897,978,0.001
898,978,0.001
899,978,0.001
900,978,0.001
901,978,0.001
902,978,0.001
903,978,0.001
904,978,0.001
905,978,0.001
906,978,0.001
907,978,0.001
908,978,0.001
909,978,0.001
910,978,0.001
911,978,0.001
912,978,0.001
913,978,0.001
914,978,0.001
915,978,0.001
916,978,0.001
917,978,0.001
918,978,0.001
919,978,0.001
920,978,0.001
921,978,0.001
922,978,0.001
923,978,0.001
924,978,0.001
925,978,0.001
926,978,0.001
927,978,0.001
928,978,0.001
929,978,0.001
930,978,0.001
931,978,0.001
932,978,0.001
933,978,0.001
934,978,0.001
935,978,0.001
936,978,0.001
937,978,0.001
938,978,0.001
939,978,0.001
940,978,0.001
941,978,0.001
942,978,0.001
943,978,0.001
944,978,0.001
945,978,0.001
946,978,0.001
947,978,0.001
948,978,0.001
949,978,0.001
950,978,0.001
951,978,0.001
952,978,0.001
953,978,0.001
954,978,0.001
955,978,0.001
956,978,0.001
957,978,0.001
958,978,0.001
959,978,0.001
960,978,0.001
961,978,0.001
962,978,0.001
963,978,0.001
964,978,0.001
965,978,0.001
966,978,0.001
967,978,0.001
968,978,0.001
969,978,0.001
970,978,0.001
971,978,0.001
972,978,0.001
973,978,0.001
974,978,0.001
975,978,0.001
976,978,0.001
977,978,0.001
